用户,是否看过,评分,评论时间,有用数,评论
白菜馅儿黄,看过,推荐,2019-07-15 07:54:12,4609,看完点映，想说的很多，这部电影正式上映后，也许会有人打零分，也许会有人打满分，也可能会有人打出不一样的分数，但不管怎样，对我来说能震动人引人思考的电影就是好电影！
嘟嘟熊之父,看过,很差,2019-07-14 19:16:41,3684,无法想象有人这样写剧本：为了树立人物的光辉形象，几乎走火入魔的对主人公身处的环境进行极端丑化，一切旁人都是道德败坏智商低下的，只有主角一人是品格高尚聪慧过人的。人物不再具有人性，而成为彻头彻尾的器物。这是一个可怕的逻辑：当所有人被粗暴的贴上丑恶愚蠢的标签，所创造出的那个神便可以名正言顺的睥睨众生指点江山。邓超大概是想成为华语影坛第二个周星驰，但他没搞明白星爷所有的嘲讽都建立在自嘲之上，而这种自嘲的根源来自于对时代的反抗，而非臣服。
二十二岛主,看过,还行,2019-07-16 13:05:12,6072,片名叫《洗脑爸爸》可能更合适，就像片中任素汐说的，马皓文这个人物从头到尾都散发出一种洗脑组织的气质。这无关乎于邓超的表演，而是在剧本和人物设计阶段就出现的问题。他教育儿子一直想，可以干地球上所有的事，不负所望，儿子成为了“太空战狼”刘培强的接班人，但却差点自私地为了自己的梦想牺牲爸爸的愿望，这种教育真的算是成功的吗？可能编剧自己也没有答案，所以只能靠《请回答1988》中的“今生第一次当爸爸“来强行圆满结局。邓超俞白眉这次憋着劲，想要一雪前耻，所以堆砌了数不清的情绪点和主题，再结合上尴尬的怀旧金曲串烧，最后呈现的只是一盘大杂烩。阎主任全场最佳，可惜这个人物过于脸谱化，邓超更是用力过猛，想要复制徐峥的成功拿影帝并非易事。多给一星是能看到邓俞二人端正了创作态度，没一条路走到黑就是拍出好电影的前提。
掉线,看过,较差,2019-07-13 20:56:03,5666,"【C-】剧情简单来说就是一个不被应试教育器重的孩子，在父亲野生教育一个月后从全班倒数第一变年级前十的故事。电影逻辑吊诡的地方有俩：

①只看到反对应试教育的偏激态度，却感受不到父亲的教育有任何优秀之处，嘴上说着开阔思维，认识世界，执行下来就是游山玩水，躺草地上闻花香？然后就年级前十了？儿子怕不是爱因斯坦再世。

②以反制度态度跳出，又反要求制度接纳，讲真，要是最后儿子被学校开了或者不上学了，我还敬编剧三分，嘲讽了两个小时应试教育的腐朽，最后却还是回归应试教育，不是我说这么看不起学校还读书干嘛？自学成才去啊。又想打破规又想成为规则的受益人，这不是当那啥还要那啥吗？

全片散发着“读书无用论”的民科氛围，一碗可怕的空想主义毒鸡汤，要是有家长真信了这一套，我为他们的孩子默哀三秒。"
徐若风,看过,还行,2019-07-15 22:06:19,2788,2.5  表面看着是要来谈谈教育问题和社会变迁了，但实际上是变着法的“新八股电影”+市场调控精准投喂的“大数据电影”。逻辑支点自相矛盾，说教戏码停不下来。不过，邓超的表演倒挺能留客。虽然人物身上有太多别扭的地方，但他的确让人看到了真诚。
MY BMM,看过,还行,2019-07-15 22:41:46,2404,没有节奏的超长教育片
小烨,看过,力荐,2019-06-18 02:45:27,909,有人对我说，“和爸爸有故事的人，看这部电影一定会哭。”中国式的父爱就是，把人生的苦都藏起来，用汗水血泪筑起家，努力攒起所有的甜留给孩子。我家的生活已经算是小康了，但我有一次给我爸买衣服时听我妈说，你不用给他买这么贵的衣服，他现在学会了在淘宝上买几十块的衣服能穿好久。一瞬间哭成狗。茫茫人生，好像荒野，如孩儿能伏于爸爸的肩膀，谁要下车。
弗農,看过,力荐,2019-06-27 10:29:13,833,"很荣幸作为一名工作人员参与到《银河补习班》路演的第一站当中。虽然超哥没来（作为一粒炒米真的是有点遗憾），但是超哥的三年级作品真的很棒很棒！一改前两部作品的逗比风格，直面探讨教育问题，没有一昧的说教，拍得分外温情和感人还有interesting。
  很喜欢片中的一句话：“人生就像射箭，梦想就像箭靶子。如果连箭靶子都找不到的话，你每天拉弓有什么意义？” 
  最后， 祝《银河补习班》票房大卖！同时，很期待超哥的四年级作品，祝超哥早日金马封帝！"
ryanjordan,看过,推荐,2019-07-11 00:25:16,1249,从《分手大师》到《恶棍天使》，邓超&俞白眉的组合似乎就成了烂片的代名词，但《银河补习班》却带来了惊喜！内容和立意并不创新，描写屌丝父子逆袭、素质教育VS应试教育的影视作品多如牛毛，可它却带来了不一样的效果。电影拍出了韩寒的味道，笑点自然而不低俗，金句富有哲理而实在，数个场景和对白仿佛带我们回到了《乘风破浪》和《飞驰人生》之中，笑中有泪；电影也有《长江七号》与《我不是潘金莲》的影子，引发了众多反思和共鸣，更牵出了不少社会的阴暗面和人性的丑恶。再加上时代的情怀和关键细节位的前后呼应恰到好处，看得是津津有味。当然，不足也较明显，结局太彰显正能量，部分细节过于理想化，某些剧情的走势也较造作和狗血，选歌甚至还不如《港囧》……不过总体而言还是一部相当不错而又有教育与现实意义的电影，适合一家大小一起观看。
聪明眼镜小精灵,看过,推荐,2019-07-13 22:15:39,727,"看了点映，电影完整度很好，节奏一般。
邓超这个角色太超越他的时代了。他的精神世界强大的像全知的神，他的行为是21世纪以后的人。
教导主任作为第一大反派不是很成立，他代表的还是我们这个时代高考的大多数。这是教育的结果，不是错误的根源。
而自由意志，独立人格的主题，只能隐晦的表达成，不要停止思考，你不要信别人的话。不能直接反对集体意志，这一点就显得不够左。
最后，还看到知识分子精英阶级表达对教育的态度。他们接受底层的到来，但不接受底层的痛苦，他们痛恨集体的桎梏，但没想好，除了呐喊，还能干什么。
就像那句台词:儿子，你看看身边有什么，我相信你能自己救自己。
但我总想到李安的少年派里，少年战胜了惊涛和飓风，但依然有心里的老虎。他们，还是对生命少了一份敬畏吧。看完想到很多， 3.5⭐值得看！"
凌睿,看过,较差,2019-07-13 20:14:49,4291,"1.你不能因为自己成绩差，你就觉得教育制度有问题。
“思考如何改进教育制度”和“把教育制度的不足当成不好好学习的借口”是两回事。
2.学校和老师不是你的敌人，你的敌人是贪玩和懒惰。
应试教育不好，那逃课、不做作业就好吗？
你有梦想，所以你要追逐梦想。那别人就没有梦想吗？谁说追梦就要放弃学习？
“只顾学习”和“完全不学习”，只不过是从一个极端走向另一个极端，哪来的优越感？
3.母亲说儿子就是笨，街坊都是小人，徒弟靠不住，教导主任坏透顶了……唯独马皓文善良淳朴为大家背锅。
把所有人（除了小高）都拍得那么坏，来衬托马皓文最好，这也太恶心了吧。
4.儿子为了实现自己的梦想，竟然叫父亲放弃他的理想。事实证明这教育太失败了，所以你哪来的自信觉得自己的教育比别人高级？
本以为儿子会意识到错误，帮父亲打官司，是我想多了。"
晚安好运©,看过,还行,2019-07-14 22:22:45,1052,两位小演员挺棒的，邓超演得也还可以，但很多段落显得急促又刻意。表现父子亲情，探讨教育理念之余还硬生生地整出了“厉害了我的国！”的感觉，四不像……
亵渎电影,看过,较差,2019-07-15 22:15:10,2502,这片子就像一锅毒鸡汤，试图学“药神”，批判一下应试教育问题，结果父亲就只能一直给孩子灌输鸡汤，贴上父爱的标签，就可以名正言顺的给学校添乱，根本也给不出所谓的更好的教育方式，只能用爱给孩子发电。任素汐的那句台词，可以很好的评论这部电影，你这是洗脑组织吗？拖沓的节奏，没完没了的抒情更是雪上加霜。有场戏很能说明导演的能力，邓超拎着蛇皮袋出狱之后，去了任素汐的家，第一次见到前妻的新老公，三个人的调度和机位，一通轮番的过肩镜头拍下来，完全看不出这场戏里三个角色的关系和内心活动。还有演邓超儿子成年后的那个演员，台词功力跟读课文似得，不管是在太空里读课文，还是高中时代装嫩，也是看得人尴尬。真该好好跟任素汐学学，如何把正经的台词处理的自带笑点，只要她一出来，她就是整部电影里的最真实最生活最闪亮的星。
iriselite,看过,推荐,2019-07-10 21:52:53,578,一部讲述父亲独特教育方法与父子情深的电影，运用倒叙，插叙的手法，也是“差生”的逆袭。从1990年亚运会开始，犹如社会纪录片，将一个个珍贵的历史片段结合起来，作为80初一听到熟悉的歌曲响起，立刻回到了那个年代，好多金曲，不仅是针对那个年代过来的家长，编导试图吸引我们这批孩子，老实说我从小受的教育就是激将法，挨骂式挫折教育，所以我内心很强大！任饰演的妈妈则是典型的中国妈妈，只会听老师的话。
Paco,看过,较差,2019-07-13 18:50:32,1122,不坏，但蠢极了。用开心麻花的投机口吻和二流印度电影的过火剧作做现实表达？当然能有表达，但绝对不会现实。一旦邓超导邓超，他对演技炸裂的理解就下滑到每期跑男的节目效果指标，飚起鸡汤金句来像在用二百五十种方式换着讲we are 伐木累。最后在升天前的情感转折让人眼前一亮，对教育的讨论有望从“破除应试教育桎梏”升至对“非自觉个人主义”这一中国教育普遍副产物的反思，奈何完全是虚晃一枪，进入高潮戏直接偷换概念，用儿子独立思考的再次成功去否定父亲口中为人教育上的失败，结尾白宇对邓超说对不起的时候，你确定他知道自己对不起在哪了吗？对现在这种准爆款的唯一期许就是不坏，当然坏了还想再怼怼，蠢的就不多费口舌了（好像还是费了）。
刘在石的妈妈粉,看过,推荐,2019-07-09 20:56:33,463,"俞白眉+邓超就是尴尬喜剧的节奏，就是烂片的保证——但这次，不是。俞白眉的转型灵感来自于他个人的成长经历，这是理想的，却是特殊的。中国如此多学生并非每个家庭都拥有如此背景，从而过多的主观因素导致本片在有效强调素质教育的同时，过分反对应试教育的重要性。可惜没有详细叙述兴趣培养对应试分数提高的直接关联，还拿1988名句当借口。不过，另外还有对家庭父母应该如何负责孩子成长的思辨，除了教育体制的问题，也有学生与父母身份问题的探讨。有部分情节比较假大空，但综合故事对我造成的影响是积极的，有意义的，值得的。
以上主题方面，要说电影诚意绝对有，只是成果有点蠢。煽情与幽默在合适的时候适度出现感染观众。邓超的功力和张力最佳不多说，幸在演员们基本都在线。
广州点映+主创交流。
（其实吴京没必要再客串同类角色……）"
what'swilliam,看过,还行,2019-07-13 18:54:52,761,3.2星。俞&邓获颁影坛新一言难尽组合。1.最大优点，利用老歌营造年代感，简单实用，《渴望》《亚洲雄风》《当年情》98洪水等。老歌用太多，旁白也太多。2.剧本有大问题，不接地气说教味十足，主角大道理狂。恨不得所有配角都是恶人，恨不得所有苦难都加在父子身上。3.为戏剧效果不顾基本故事逻辑，教导主任被妖魔化，孩子又脏又伤进教室，他居然不闻不问直接继续发自己的火？揪着大桥问题不依不饶的一堆邻居是有多闲？4.作文脑补部分有趣，但，老师给作文要么0分要么满分的处理，编剧能否先问问一般的老师，0分作文出现的概率多大？5.“爸爸也是第一次当爸爸”应该来自《请回答1988》吧？显然1988效果更好。6.要维护好演员的身份，有时候真就得保护好自己的羽毛，少上些综艺，少些八卦，这话不止针对邓超，对任素汐亦适用。
薇羅尼卡,看过,还行,2019-07-17 00:37:49,491,邓超+俞白眉=烂片，看来这个等式还将继续保持下去。野心太多啥都讲不好，从三分之一处一路狂飙烂到妈都不认识。白宇演邓超儿子违和感真是很大，就小时候辅导孩子那点还能看看吧。任素汐演啥都一个样，没有角色感。最后，邓超你好好接戏别导了吧，真心没这个才华。
mdr skywalker,看过,推荐,2019-07-13 18:00:09,229,片子的问题确实不少，时间线跨度大导致剧情很多地方衔接不流畅，很多情节说不通（比如逃学看航展），有些配角就是为了搞笑，没什么作用，有些台词说教味也很浓，但是这部电影我看到了主创足够的真诚，他们为我们展现了父子亲情，几处地方直接击穿了泪点，他们借马皓文和阎主任的赌约去探讨教育，家庭教育和学校教育的作用，应试教育的利弊，我们需要一个什么样的教育？一味地上补习班冲击清华北大么？这点我也很感激我父亲，没有强迫过我考高分，让我去找自己的兴趣点，可能很多友邻的评价都不会好，但是我还是想推荐一下，可能会有自己的影子。配乐上有不少经典老歌，白宇太空营救那场戏的配乐紧张到爆，而且表演上没有前两部那种尴尬，演技基本在线，笑点穿插上有时候有些突兀，不过比邓俞组合前两部电影好太多了。给个鼓励分。（8.5/10）
神树,看过,力荐,2019-07-16 13:23:31,2112,我说马皓文是一个天生的父亲，其实也在说他是一个伟大的男人。父亲是男人诸多任务之中最重的一个担子，因为这个使命的背后是家庭。是无数次隐忍之后还能掏出的全部爱。可以说他在尽自己所能，无限接近这个使命的终点。
贾小年,看过,力荐,2019-07-10 23:13:02,437,没有比由8090记忆中的金曲更容带入场景的(虽然有些麻木了)，不过你会被邓超的父亲打动，俞白眉回归擅长的领域之后就是要造一个理想主义的神出来让我流眼泪，那些童年记忆中的遗憾不服气奔涌而来，而且再次让我在电影院里反思现下的自己。邓超的片尾曲太好听了!
佛系少女不熬夜,看过,力荐,2019-07-16 14:23:33,552,"很好哭的一部电影。
泪点和笑点一样自然，
成长，势必伴随着汗水，泪水和欢笑。
90年代的回忆，岁月痕迹。
中间时，父亲对儿子说，爸爸是第一次做爸爸，会犯错，对不起。
结束时，儿子对父亲说，儿子是第一次做儿子，对不起。
我想对这个世界说，我也是第一次做人，多多包涵呀[作揖][作揖]
春夏秋冬，这个世界很美丽。
酸甜苦辣，这个人生很美好。
时光酿造，百感入味，我想做一个引子"
有心打扰,看过,很差,2019-07-13 20:43:01,1726,想一套是一套，这如同裹脚布般臭气熏天的段落拼贴，不是在感动人，而是在自我感动。本以为会是暑期档爆款，不好意思，你这真不配上。
m89,看过,很差,2019-07-14 10:02:20,1098,有梦想谁都是傻逼。看预告片就够你吐三天的，正片杀伤力更强，适合处于减肥期又不想节食的女士。
老罗Lazzaro,看过,较差,2019-07-15 21:36:24,981,点映。堆满鸡汤和煽情，努力营造的父子情深浮于表面没感染力，想探讨教育体制又浅尝辄止。角色行为动机牵强，多处念白表演明显，用几首金曲串烧以表年代回忆插得又非常尬，太多刻意了。
易老邪,看过,很差,2019-07-16 13:34:17,863,邓超+俞白眉=灾难。
迦南Canaan,看过,较差,2019-07-15 21:06:53,642,看到98年九江洪灾的时候很害怕下一秒会响起《为了谁》的配乐。
S for Sheila,看过,很差,2019-07-16 12:53:25,488,学好写作文，学好编剧，再去拍电影抨击教育制度。
阿朽,看过,很差,2019-07-13 19:38:49,413,看了一个半小时受不了走人了 吃过他们的亏还来看我真是犯贱 这两人组合起来真的太变态 要么一路屎屁尿 要么一路惨 惨的堪比《唐伯虎点秋香》了 垃圾电影 希望大家眼睛擦亮别被骗钱
sentills,看过,很差,2019-07-15 09:52:33,353,全片弥漫着一股类似于脱了裤子就要上看我多浪漫的情怀信念，情节推动全靠旁白，煽情全靠鸡汤说教，请了Hans Zimmer就想把配乐用个够用回本还是咋的。这么没有年代感的片子，导演你自个儿听着那么多首恨不得转个场就得来一首的90s流行金曲真不觉得尴尬吗（哦不你不觉得
大奇特(Grinch),看过,很差,2019-07-17 22:16:13,264,唯一优点是做到了父子双视角的互动，对于邓超而言是有进步的，可是真的很抵触这样的电影。它的算计太多，一部抨击应试教育的电影，却按照模拟考试标准答案一板一眼设计情节，借爸爸之口强灌鸡汤，道理全摆到台面，这还不够？还要借儿子的内心独白去反复反复反复ABC，阻碍了观众自己去感受XYZ。结尾修好天线他就不是利欲熏心了？电影借用成功国产票房片和印度电影核心价值观的目的性、设计性和功利心都太明显了，然而所有的情节转折都是强扭的，结果整成了四不像。另外，编年体电影指望流行歌曲串烧和电视节目交代时代背景的滥用有没有完？
frozenmoon,看过,较差,2019-07-18 12:06:09,379,有的电影大大方方摆出一副“我就是来圈钱骗钱的你能怎样？”的架势，但这个电影绝对不是这样，它有着一股特别努力想做好但就是才华达不到的令人心酸的感觉。看得出主创特别特别努力地在筹划对白，编排情节，制造冲突，但是全都无效，人物立不住，情节也疲软，感情戏强弩加说教加鸡汤，总体看起来特别幼稚，怎么说呢，它特别像是中学生写的那种反对应试教育的作文。综艺对邓超的伤害太大了，这部电影里，他也是一副综艺样。单纯说表演的话，配角比主角出彩得多。
柯里昂,看过,很差,2019-07-16 22:31:42,240,大型抓马秀，继「硬科幻」之后的「硬（要）励志」，本以为年初的韩寒不行，结果邓超和俞白眉更不行，前半段还能给到两星，后半段这都拍得啥呀…每个角色的动机都前后矛盾得可怕（单以阎主任这个角色举例，废寝忘食地监督差等生马飞的目的竟是为了阻止其取得好成绩，嗯行吧，被家长当着所有学生和领导面羞辱后还能顺利干到马飞高考，嗯也行，结果差等生马飞成全校唯一状元潜力股，为挽留马飞主任就差跪下了…）励志也得讲究基本法吧，这剧本简直是教育题材届的琼瑶…另外，拍着拍着总想着要逗人笑的老毛病啥时候能改改…低劣特效、慢镜头、流行乐这“外行必备三板斧”基本在开场二十分钟就耍了个遍…在地球上儿戏也就算了，上了天也跟儿戏似的，心中有爸爸，氧气没了也不怕（？）最后，演女老师的那位，真是灾难啊，我高中话剧社的同学都能演的比这自然。
西帕克,看过,较差,2019-07-14 12:32:03,450,最大的问题就是太随意了。反对应试教育的态度有了，但方法呢？电影中的教育几乎完全处于一个超现实的层面，并不能真正解决如何从倒数第一到年级前十的困境。这么长的片长，终究只是鸡汤。
后自愈,看过,较差,2019-07-14 15:39:13,325,科学有民科，教育或许也有民学。片中邓超饰演的父亲为了反驳主流观念里的教育据理力争，可最终影片中的解决方式却是用鸡汤与煽情糊弄过去。年代感基本为零，全靠金曲串烧和新闻事件作为拼贴画串联。也是因为对时间跨度上的掌控能力不够，剪辑上的瑕疵也很明显。与应试教育这一主题不停穿插的，是航天事业，或许还有满满的求生欲。作为演员的邓超，是值得肯定的。但做导演，是一件需要天分和资质的事。
烟雨平生,看过,力荐,2019-07-03 10:05:36,175,第一次做父亲，看完感触很深
HarperYug,看过,较差,2019-07-16 12:04:18,246,"邓超选手以百米冲刺的速度为中国航天航空事业献礼，击败了同期的所有其他选手，此刻吴京的脸上也露出了欣慰的笑容。
一口干完了近两个半小时的鸡汤，除了几首歌啥也没记住（求放过张国荣吧），又是谈理想，又是说教育，儿子的经历，父亲的历史，焖了一大锅。
当然喜欢的也有，就是结尾处的清宫扮相，阔别已久的“曹公公”：你好哇~
总结：深化教育改革，共筑航天梦想。"
尘飞扬,看过,很差,2019-07-15 20:55:18,286,邓超俞白眉是一对奇葩组合，合作的电影口碑差，票房高，相信这部《银河补习班》也不例外。这是一部讲亲爹重要性的拼盘电影。剧作矫揉造作，令人发指，全程都感受到被泪腺蹂躏的折磨。为了让你哭，我卖血我搬砖我被熊孩子揍我为儿子追求梦想有冤不去伸，我养一脑残白眼狼无怨无悔感动中国，你们还不哭就是冷血无情不懂教育不懂父爱。
咱说,看过,较差,2019-07-16 23:31:53,179,如果本片的主题是关于“培养独立思考的教育vs应试教育”，那么邓超和俞白眉交出的这份答卷正是踏踏实实的应试教育的产物，它试图做得工工整整、四平八稳，通过过度的宏大配乐来逼泪主流观众群体，平庸到没有任何出彩之笔。如果把本片看成一篇作文，那么它甚至没有片中儿子那篇小学生作文来得有想象力。本片有意吸引带小孩的80后家长观影，堆砌时代符号和信息，却没有拍出一丝一毫的时代气息。当返回舱从太空坠入大气层时，我们看到了所有中国人都熟悉的小学生作文套路的假大空结尾。你在电影里慷慨激昂地批评一种教育方式，而你拍摄的电影正是这种教育方式下循规蹈矩的产品，何其讽刺。所以，如何评价这部电影，就如同电影里的专家老师们如何评价那篇作文：按照八股文的标准评价，本片正好及格；按照独立思考的标准评价，本片负分滚粗。【广百金逸】
SebMia,看过,很差,2019-07-15 23:07:44,268,那些呼吁爸爸和孩子一起看的人，你们是魔鬼吗？邓超理解下的素质教育就是：迟到早退加旷课，不做作业不听话，打打游戏逃逃课，考前旅游来一波，回来倒数变前十。总结一下就是：读书最重要的不是成绩，而是个人能力的培养，所以只要不读书，一直想，一直想，个人能力就能得到提升，顺带还能轻松考个年级前十。想骗别的爸爸这样教孩子，然后自己的孩子坐享其成吗？
LOOK,看过,较差,2019-07-16 08:45:40,190,胡编乱造的情节数不胜数，但真有点让我意外的是，不知道是不是被周星驰点化过了，邓超居然把这狗屎情节支撑起来的角色演得还有一定可信度
德卡的羊,看过,很差,2019-07-13 17:01:16,213,10/100，为了达成三分钟一笑点三分钟一泪点的效果，文本全然不顾事件的逻辑性与一致性。甚至构不成一个整体的故事和脉络，像一个散点式的流水账。无论主角和配角都彻底沦为纸片工具，感情空洞，举止反常，有用的时候就闪现，没用的时候人间蒸发。时代符号的加入没有任何作用。汉斯季默的配乐延续了近几年的恶心。故事就是不断的凭空生成困难再解决困难，我以为我在看游戏直播。况且这现实吗？人家虽然落魄了，但是父亲本就是个高知识分子好吗。整体作品透露出来的创作目的实在是鸡贼和险恶。我确实一直在动脑子，不然真给这电影忽悠了。
顗礼,看过,推荐,2019-07-12 23:00:22,351,“这个魔术太牛了，能再变一次吗？”有被触动到
无耻不混蛋,看过,还行,2019-07-21 00:08:33,197,很遗憾，特别好的题材，可惜能力跟不上野心，以及，缺一个牛B的监制。重新剪一个90分钟的版本，可能会好很多。虽然有太多不合情理之处，但我们也无法否定邓+白组合，这一次的诚意。ps．有很多朋友极度反感这部电影，但我真觉得没那么差。这部电影，在我看来，最大的毛病，就在于：因为过度的戏剧性，牺牲了必要的真实性。
木卫二,看过,很差,2019-07-25 12:19:59,52,邓超老师搭上银河铁道666，已经前进到专属的智商黑洞。我太笨，真的跟不上。
法棍老人,看过,还行,2019-07-14 17:04:55,180,比《长江七号》好0.5个《少年班》，比《分手大师》好100个《恶棍天使》，一碗捕获三四五线观众的大火快炖鸡汤。强行煽情没毛病，但要素过多会冲散剧情。
蜉蝣,看过,较差,2019-07-18 17:08:01,114,剧情槽点太多太多了，稍不留神就会漏掉一个的密集程度。讲得似乎头头是道，可不仅没逻辑甚至都听不懂在说什么，编剧写台词不看上下文的吗？这个片表现出来的是一群毫无才华的创作者的努力与真诚，想想更难过了。另外，可别吹任素汐的神级演技了，那种无处释放的能量、跃跃欲试要抢戏的劲头看着都害怕。
了了,看过,较差,2019-07-13 17:40:32,194,真的好难看好恶心啊我的天，剧情的胡编乱造和狗血程度已经让我无从下口吐槽
大头,看过,较差,2019-07-16 13:36:24,190,因为看网上把这片吹上天了，激动的提前去看了点映，结果大失所望。演员没演技不说，故事还没打动人的点，离及格还差点。
我爱罗宾,看过,很差,2019-07-16 16:09:36,173,完全没有感动，取而代之的都是枯燥。导演对自己的定位更像是迎合市场的鸡贼商人。历史大事件的安排全部生拉硬扯，剧情已经不能再狗血。影片讲父子情讲教育，结果全片学习的时间没有十分钟，学校戏净是和一个脸谱化的教导主任撕逼。你儿子作文写跑题了凭啥叫上一帮人给你投票重新打分啊，你特立独行能不能不妨碍别人？教导主任儿子被发现一场本格推理直接让人出戏到十万八千里，这是少年包青天吗？这样还敢拍成两个半小时，不如刷同等时间的土味金曲串烧
HarperDie,看过,很差,2019-07-13 11:56:21,141,零星。在演员的专业素养上，邓超一直是令人尊敬的，即便因为综艺节目被很多人戴上有色眼镜，我依旧认为他在表演上可以做得很出色。然而在导演这条路上，并不是心诚就会灵。那些对于教育方式的良性探讨、父子间的情感羁绊，被一首首强塞硬套的90年代金曲毁得一干二净。个人延伸到社会体系的判断、解构呈现，变成了演员到导演工作属性上的巨大鸿沟。
公子小白,看过,推荐,2019-07-16 11:43:31,512,不知道为啥评论都这么严苛。看完感觉很不错啊，没有明显缺陷，现实中带着一点奇幻、一点无厘头，但是又很感动。尤其是爸爸的形象，真的是塑造得很好了（虽然有点太前卫而牛逼）。但是作为那个年代走过来的人，我真的很想要这样的家长，敢于为了孩子反抗世俗的制度，不论受到多大的外界压力，都会一个人扛着，然后跟儿子说，做你喜欢的事，不要浪费你的人生。真好。（全剧演技不在线的就实习老师，怀疑带资进组，被其他老戏骨吊打的感觉）
魂,看过,较差,2019-06-28 17:33:41,147,剧作糟糕。俞白眉将个人的不努力归结于教育体制的弊端，对观众灌输一种“不是我不上进我学不好，而是这个世界不懂我”的戾气，还在这个从头到尾逻辑根本不成立的故事里不断输出鸡汤和励志学，以此来呼吁教育需要改革。全片下来都像是反串黑。
谢谢你们的鱼,看过,很差,2019-07-16 20:53:38,105,《我的高大全爸爸》，《我的爸爸爱说教》，《我的洗脑老爸》，《邓超：我如何演好一个传销界大佬》，《人有多大胆，地有多大产》，《垫底马飞，飞天战狼》，《阿郎的故事新世纪虚伪版》。。。。。。恶心死我了！
榜上有名猫,看过,还行,2019-07-11 00:15:26,151,犹豫了好一会儿到底给3星还是4星？故事题材走心，整体都能让我感动有了给4星的冲动；但冷静下来，例如桥塌时间节点的卒然，很多的巧合被骤然释怀，每一段落都充满煽情，于是“感动”很快需要被敲问了。虽然题材是励志的，但《垫底辣妹》的逆袭几乎只属于奇迹，就像这部电影一样，它只是一首充满励志的梦想之歌。
茶底世界,看过,很差,2019-07-16 12:57:52,162,假大空的集中体现，我生平最不吃的就是鸡汤，还是一碗毒鸡汤，我想问问邓超，你教育你儿子会像电影中这么来吗?你假不假？想抨击教育体制也不是这么个拍法，你心里虚不虚？真拍到点子上了能让你过审我从此跟你姓好吧，好好做你演员吧，这电影看得人直翻白眼，但我又知道，很多观众吃这一套，是一部好哭的电影，票房肯定差不了，算了，不说了，极度失望。
乌鸦火堂,看过,较差,2019-07-19 19:05:28,67,有毒，独立思考+素质教育，并不是把学渣变成学霸的理由，我只知道一切成功都要靠努力的，但在这里。。。也只有演员很努力。退一步，质疑教育方式那就别回学校喽，为什么还要参加考试，追求考高分？不过这片现实的一点，中国学生们要想出人头地，要么高考，要么靠爹
suiyu0930,看过,力荐,2019-06-29 17:16:29,189,这部电影是有能量，有温度的。邓超曾经说过：“电影在关灯之后特别像一个仪式，你都不知道你和世界上哪个角落的人来了一次隔空的握手和拥抱。”希望更多的人能通过《银河补习班》得到更多的握手和拥抱。
隐,看过,较差,2019-07-15 10:09:02,126,不喜欢邓超的自大与自以为是。
咸蛋啊姨,看过,力荐,2019-07-16 13:13:29,273,竟然开分了？说实话有点低啊！看了点映真的很不错，个人觉得能让你哭的电影就不会太差，我从头哭到尾。前半部分有点拖沓但还好有梁超跟任素汐搞笑，这种搞笑并不是像恶棍天使那种恶俗的，是让大家都捧腹大笑！几个马飞之间完全不会出戏，本以为白宇是个流量没有太多的演技，没想到真的不错，旁白很抓耳，声音很好听。超哥演技更不用说了，父爱的感觉演的太好了，任素汐开口就让人想笑。值得一看的电影呀，大家好歹看了再打分嘛，可能这两个人还是不如大家的期望，可真的进步太多了，是真的可以看出邓超俞白眉的真心。
Eternal,看过,推荐,2019-07-15 03:30:22,145,看了点映场，感觉还不错，少年版马飞孙浠伦好可爱，青年版白宇一开始有点懵，出场真以为和邵兵差不多年纪，还想着邵兵这年纪的演员应该都认识啊，这谁，结果看了下演员介绍，居然和我同岁............评论里有扣现实说事的，说咋可能母亲后半段就不咋参与孩子的人生了，这不是电影嘛，国外的不也一样，扣主题，其他该放弃就放弃，真按你说的拍，后半段我们不用看父子互动了，尽看父母冲突了。扣住主题，只要片子不尬，我觉得就好。以前的很多国产片是太过于脱离现实，还不是为了往主题上靠，而是在往主旋律上靠，这拍出来的东西就非常尴尬的，毕竟主旋律只是一个题材，别的所有题材也都往主旋律上靠，你想想那拍出来是啥
桃桃林林,看过,还行,2019-08-01 14:17:29,47,虽然手法有些稚嫩和笨拙，但是，能感受得到主创在电影中所要传递的困惑与表达。甚至是，不打算去提出问题的解决方法，而是提出问题，并试图一起寻找答案。有几处父子关系的戏份，还挺触动我的。
牛奶软不软,看过,推荐,2019-07-16 18:23:22,285,我觉得总体是一部不错的电影。看的出来邓超想努力拍好这个片子，小时候的马飞超级可爱，马皓文这个人物一直在与命运斗争，包括在期末考试前他带马飞去看航展，他用自己的观念影响着儿子的成长，小时候从那场洪水里出来，长大后回到地球，一直想一直想，就一定能做到。就算刚开始讨厌的闫主任，最后也发现他的可怜之处。让我很难过的是马皓文发现自己的冤情，是自己十分信任的徒弟，他当时坐在桌子上吃面眼泪就掉下来了。包括他之后对马飞说：“我是个很骄傲的人。”儿子让他放弃翻案的时候他特别心酸吧，所以才会说我的教育是完全失败的。
麦小白,看过,较差,2019-07-14 17:54:16,122,前一个小时还有点感人，开始卖血、搬砖之后味道就不对了，过分标榜素质教育，不停喊着“独立之精神，自由之思想”的口号，讨巧地把解放天性作为政治正确，总体来说，是碗毒鸡汤！请谨慎观看！
萨库拉,看过,较差,2019-07-14 21:41:36,99,跟Hans Zimmer的配乐一样假大空。一怀旧就金曲大串烧，一表达就口述鸡汤——用真正做教育的帆老师的话说，水准就像微信公众号摘抄。最要命的是对戏剧性充满了误解，很多冲突都靠人造，比如夸张的反派，尴尬的洪水，最后教育失败也并没有圆回来，修好天线不代表他不是一个精致的利己主义者，做事和做人是两个概念，至此故事彻底崩塌。
深夜的阿斯伯格,看过,推荐,2019-07-14 16:37:52,129,九年义务教育害了我！长江七号+港囧+我不是药神！学会独立思考做你喜欢做的事成为最大的泪点。一句该上晚自习了承包所有恐怖元素！
西楼尘,看过,较差,2019-07-30 16:39:27,35,儿子脑中的燃料已等了二十年，父亲心中的铁桥却塌了三十载。这世上有人把荣誉挂在墙上，便有人把口号刻在床头。有人高考后漫天抛洒书本，也有人洪水里操作书本没有的内容。儿时我站在阳台观望你生活的那颗星，如今你举着手电照亮我回家的那条路。我为你搭了桥，你替我点了火，父子一场是最厉害的魔术。
有鱼,看过,很差,2019-07-16 13:13:43,173,好一锅大杂烩
一碗咖啡,看过,很差,2019-07-16 13:42:52,126,邓超也会这么素质教育自己孩子 呵呵 我这种穷老百姓还是走应试教育靠谱
张小北,看过,推荐,2019-07-26 13:45:38,39,我觉得还是应该鼓励邓超和俞白眉继续拍这样的电影。邓超是很棒的演员，俞白眉是很棒的编剧，但我一直不理解他们俩之前拍的那两部电影到底是图啥……现在有了《银河补习班》，我觉得他们终于找对自己的感觉和方向了，所以还是要用更积极的态度去鼓励这两个很棒的演员和编剧去做这样的电影。只要有进步，他们在未来也许还会给出我们惊喜。
天堂羽,看过,力荐,2019-07-14 13:56:05,243,比看预告片精彩很多，两个半小时没有觉得冗长难熬。主角的教育方式，只能说是一种，不能说绝对好，是值得探讨的。缺点是怀旧金曲用得太多，多到反胃，硬凑的大事也太多了，那就不是历史真实感、而是奇幻感。主要是邓超和少年儿子的戏，白宇任素汐还没有小高老师和校长存在感，也就比特别出演吴京多点的戏份
荔枝超人,看过,较差,2019-07-16 22:24:22,82,看得出是有在认真研究过摔爸、药神和太空战狼的各种成功要素后，尽全力去靠拢价值取向，而不太理得电影的基本文法。反正要做不好，随便一句“中国观众喜欢”就可以怼回去咯，太聪明了！
奥特小曼,看过,较差,2019-07-14 20:43:45,95,新式拆腻子大片，战狼🐺补习班。
咖啡店的小狐獴,看过,力荐,2019-07-16 13:36:22,346,电影路演加上点映看了两遍 依然觉得很好看 演员的演技都在线 剧情也不尬 抛去前面的喜剧 邓超和俞白眉这次真的做了一部好片子出来 马飞和我是同一年代 他童年的一切我都无比熟悉 处处都是回忆 剧情能触及反省应试教育这一块本身就值得高分 已经给父母买了票 值得观看
宽松菊花又如何,看过,很差,2019-07-16 12:57:06,111,邓超+俞白眉，真一次次上当受骗（之前累积的
文刀大土申,看过,较差,2019-07-19 20:37:53,35,这两位还是没让我失望，整部电影就像一场直白的教育宣讲，而且还是邓超一个人的，电影中的所有人物都成了他一个人狂吐鸡汤句的踏板，包括儿子的角色。在时代还原上，这二位也仅仅是挑了几首老歌，几个极具时间点的事件来刻意拼凑的展现，但这并没有帮到它的叙事和主题，反而令整部电影显得更“投机取巧”。既然电影想要输出教育价值观，就用影像和故事，不是声音高煽煽情就可以了。
鬼涩核桃,看过,力荐,2019-07-16 13:48:05,98,想表达的东西太多但其实不必全都用台词说出来，电影不是陈述句而是感叹句，急于表达是很危险的，编剧可能不知道。但感情都是真的，邓超的表演是完好的，这是真的，我喜欢白宇，这是真的。不用周全，但求有的放矢，教育如是，观影亦如是。好好长大吧，马飞。
风间隼,看过,较差,2019-07-21 11:34:39,15,《致青春》的怀旧+《三傻》的反思教育，但不是巧妙地融合，而是很蠢地抻到140多分钟，大量的时间用来唐僧那些并不高明的教育理念。你真信自己说的也就算了，关键是说了成绩不重要吧，还是要进前十名，说了能力最重要吧，还是要当民族英雄。《三傻》的主角可是真的辍学为穷人服务去了，中国编剧什么都想要，是文化病也是时代病。
胖官赵,看过,很差,2019-07-15 21:22:48,110,年度“京”吓。把一个教育题材拍到令人全程捂着尬到发麻的头皮翻白眼翻到抽搐也是很厉害了。俞白眉“沉寂”这几年是到新片场学习去了吧？令人生理不适的旁白和低幼到3岁小孩看了直拍小手哈哈哈的台词，场景一度穿梭在“特仑苏”拍摄现场和县广播新闻现场，果然是“深化教育改革”CCAV年度宣传片第一人。没有一个角色是正常的，行事逻辑和动机堪称匪夷所思，荒谬绝伦。对比之下《老师·好》和《青春派》堪称良心佳作。邓超X俞白眉，没救了这俩人。
escapeii,看过,很差,2019-07-16 14:23:40,91,演他儿子的那个演员应该演他爹吧？
沙雕电影,看过,较差,2019-07-15 13:51:27,84,谁能想到，有一天所有人居然都得盼着邓超和俞白眉来拯救暑期档。
大島,看过,还行,2019-07-19 22:51:24,71,原来飞船是插排坏了
OLIVE,看过,很差,2019-07-19 00:16:45,36,之前我以为是邓超欠俞白眉啥了，现在我觉得他俩意气相投，互相感动，天生一对。
南悠一,看过,很差,2019-07-18 21:54:06,36,如果你还能在《恶棍天使》和更前一部里看到一些不那么高级的个人趣味的话，那这部就是国际一流、特色鲜明的创作动机歪楼，还有点坏，必将不利于双一流电影（一流产业，一流作品）建设。我的意思是说，这部比前两部更让我不喜欢，并没有进步。
不良生,看过,还行,2019-07-13 17:49:28,58,“只要一直想，就能做好任何事”？？？“人生一定要做自己最喜欢的事情”？？？这都是哪来的盲目自信和自私勇气？唯一觉得可取的是父子一场，他两次走向他。一次是他年轻朝气，一手举火炬一手握足球地球仪，穿过人群，走向缺根弦的他；一次是他已褶皱衰老，手捧鲜花，穿过人群，走向航天归返地面的年轻朝气的他。很多年后这对父子回想起来，这也许是他们生命里唯二的两次高光时刻。或许也是电影唯二的两个亮点。
贡丸猩猩,看过,较差,2019-07-16 14:07:31,52,"一出“中国式圣父”的纯自我感动。
碎片的叙事配合省事的老歌BGM用符号化的人物通过故意的戏剧冲突扔你一脸春晚小品级别的煽情。
人物单薄的像飞船特效一样假，所以呈现出的感动也就充满了算计。"
闪电杰克,看过,较差,2019-07-11 22:13:49,76,优点和缺点都如此明显的一部电影。先说优点：第一幕处理得很好，开篇激励事件抓人，入题快，台词中的小幽默和智慧都恰到好处，让人对这对父子的命运产生强烈好奇……而之后便开始一泻千里，特别是第二幕的转折点和至暗时刻的处理，让人太过莫名，尤其以洪水事件和儿子被欺负父亲被打事件为代表，可见编剧创作上的随心所欲。第三幕太空自救更是让人开始怀疑自己在看的究竟是一部怎样的电影，仿若杂糅了科幻灾难动作喜剧等多种类型。其实从影片的多处细节和形成互文感的台词可以看出创作者的用心，但整体结构上的失误，还是令人感到遗憾。（两个半小时也太冗长了）最后说点个人感受，片子对于教育的看法，我很认同，以及认为写作就是写真，写自己想写的，这句话对我也很有启发。在表演和导演技巧上，邓超都进步很多，只是希望他以后可以碰到个好本子吧。
肖浑,看过,推荐,2019-07-13 22:05:59,74,演得最好的是孟叔叔，咋咋呼呼装大款那骚样真是活灵活现。邓超结尾老年戏份也还蛮感人。任素汐和白宇没啥发挥空间可惜了。
Morning,看过,较差,2019-07-21 17:44:23,16,马飞劝父亲别翻案那场戏，他在静谧的黑夜里等年迈的父亲，望着远处的火箭，四周一点声音都没有，两个人见面，尴尬的说着话，最后谁都不愿意和自己的欲望和解，父亲说自己的教育失败了。恐怖片，好恐怖，那个时候我坐在电影院里心里一凉，这就是我们的时代，方法和思想投掷在世界中就像影片里的这场戏一样静得慎人，没有人尊重思想，没有人为了知识和方法的维序而努力，即使是一部要讲教书育人不是死学知识的电影，最后却没有讲到一点思想的内涵，最后还是因为欲望的缠斗而变得苍凉，那么那些所信仰的思想又有何用，宇宙里没有声音，有人的世界也没有声音。
大萌,看过,还行,2019-10-04 19:47:09,0,为了白宇我坚持下去了……
青春作伴好还乡,看过,力荐,2019-07-16 12:26:40,185,"纵然命途多舛，
从来没有什么不堪；
历经千难万险，
我们携手奋力向前。

我是那射向靶心的箭，
怎能没有拉开的弓弦；
你是屹立我心中的桥，
送我到遥远的彼岸。

一直想，
就有你温暖的那张脸；
不认输，
即使希望它远在天边。

我愿永远在这个补习班，
它让我能看到繁星满天；
我不愿离开这个补习班，
总有你陪我万水千山走遍。"
Enjolras,看过,还行,2019-07-17 09:22:55,16,很可惜，绝好的题材，本有可能成为又一个《我不是药神》的，却被拍成了一部爱国主义鸡汤片，如果换了是陈可辛来拍，怕是有机会封神的。
余小岛,看过,很差,2019-07-16 23:25:16,43,就做了三件小事：流行金曲串烧，又臭又长剧情拼接，银河心灵鸡汤补习班。当然了，九八抗洪也是很大的。。
如小果,看过,推荐,2019-07-14 21:52:23,519,我真的是抱着看《恶棍天使》的心态来的，但是却看到了一部票房至少会是20个亿起步价的电影。还颇有点中国版星际穿越的意味。去年看《影》的时候，我说邓超是一个演技非常好的演员，但是求求以后不要再做导演了，今天我正式收回这句话。
yinijy,看过,力荐,2019-07-11 09:43:52,118,准备好去哭一场的，却眼里含泪被逗笑，以为会很沉重，结果意外的轻松，以为会冗长，结果意犹未尽，虽然现实中马浩文这样的父亲不多，虎爸虎妈居多，但是看过电影后，对马爸爸的教育方式有所探讨，也是这部电影存在的现实意义
神山樹,看过,推荐,2019-07-15 22:18:14,72,低配版的心灵捕手 北小宇今年的大荧幕首秀 客观说发挥空间不大演得挺合格个别地方有亮点 我发现他可能到了科班出身演员的一个平台期 就是乍一看表演挺不错但是习惯用脑袋思考出来的表演方式缺少一点松弛 我希望下部下下部作品可以帮助他度过这个阶段成为一个举重若轻的演员 anyway妈妈看见一部不错作品里的你感觉很荣幸 也见证你的成长爱你
纯妈,看过,力荐,2019-07-16 18:20:01,214,看了点映，全程哭了四五回。这种亲情的情节总是戳我泪点。邓超的演技不用说，很棒。白宇扮演的成年马飞也让我很意外，最后在太空舱的那段戏很精彩。
鲜肉兄,看过,力荐,2019-07-10 23:43:30,111,中国小城版《幸福来敲门》。万万没想到，邓超让我如此惊喜！马皓文的三次流泪深入人心，第一次是欣喜，第二次是欣慰，第三次是释怀；冲着夜空挥舞手电筒堪称经典，阎老师抽搐的嘴角让人难忘。充满年代感的金曲，加上貌似不经意的搞笑，恰如其分，观感良好。老戏骨+实力派演员，批判传统教育+重塑父子关系，票房30亿妥了（看到吴京一点也不意外，真的）
jiediaonaicha,看过,力荐,2019-07-10 10:51:33,93,不得不说，邓超这次触动了我的软肋，但不知道为什么，看的时候，笑的比哭的还多，往往泪还在眼里，下一秒又被逗笑，邓超真的是我所见的最能带观众入戏的演员之一，光是看他的表演，都能值回票价
二火山,看过,推荐,2019-07-10 21:39:56,59,导演邓超找对了演员邓超，一切就步入正轨了，进步是相对的，诚意是满满的，超哥这份父亲节的礼物很受用，暑期档一大惊喜！拉着儿子站到传统填鸭式教育的对立面明目张胆进行批判反思，冲破刻板教条行尸走肉的围追堵截，阿Q精神胜利法下的活学活用。有趣的是，里面有两位反面人物以前都演过太监！
秋叶和,看过,力荐,2019-07-16 18:28:57,241,固然有很多不完美 但是最舒服的地方是它强调了父爱和家庭教育，但是并没有摒弃学校教育和母亲对孩子的付出。槽点也是有的 但不影响我😭
路遇子惠,看过,力荐,2019-07-16 14:05:15,334,一部让人思考教育与家庭的电影。我的父亲从小对我非常严厉，几乎没有感受过温情，而作为90后的小孩对这部电影里不管是父子之间的感情还是经历的各种事情都共鸣很大，好几次都忍不住落泪。两个半时长的电影故事有点散，但真的能让人思考很多。邓超演技依然优秀，旁白男声的台词很好听。是很不错的国产电影。
艾晨,看过,较差,2019-07-19 13:01:07,30,堆符号、卖情怀、凹人设，空有情绪没有感情。建议精简一小时。
艾银,看过,力荐,2019-07-14 10:22:33,66,"大概也就哭了整场，很戳我了。
——2019.07.13"
一路发挥,看过,很差,2019-07-19 12:41:59,17,看这个电影想起之前孙红雷在微博怒骂应试教育那事。应试教育痛苦不痛苦，确实痛苦，有更好的解决方案吗，没有。导演和明星们有大把的金钱为孩子铺平道路，处于金字塔底供他们吸血的平民子弟却除了应试教育没有第二条路。银河补习班只是又一个让民众看到国内阶级差距鸿沟的冷笑话。
恭喜发财王鸭子,看过,较差,2019-07-20 02:12:38,19,是那种看完电影爱摄屏发朋友圈的观众喜欢的电影
往事都随风,看过,力荐,2019-07-14 18:25:45,68,邓超的电影感觉都有点童话色彩，传递的价值观都很正，演技非常有感染力，当他略带难过的眼神看着小马飞时我就哭的停不下来。。。电影前半部分很一般，后半段质的飞跃，非常精彩！片中最搞笑的是一本正经的闫主任，邓超对李建义老师有点坏，小作文那里笑死我了！
YQY-Vader,看过,很差,2019-07-18 18:37:10,22,剧本就不多说了，摄影美术剪辑表演都是灾难。所有道具包括航天器都带着低廉的塑料质感。画面质感也丝毫不能凸显不同的年代感，于是只能用金曲+XXXX年字幕卡来表现。对话戏剪辑混乱，刚上天之后白宇在航天器内爽朗一笑这个动作剪成了至少五个镜头，然而下一秒相安无事？？决定一部作品是否合格的一个关键因素是群演是否让人出戏，看看这里面那些群演工人都是一副赶紧结束的姿态。也没管那么多，关键时候就用Hans Zimmer的配乐煽情呗。本片是近几年“国产大片”里技术方面最不走心的那一批。
梦里诗书,看过,较差,2019-07-15 19:54:24,31,对应试教育的聚焦思考，成为了《银河补习班》的现实主义之笔，但遗憾的是邓超在这部自导自演的电影中，既没能成功的去塑造一个真正的父亲，也没能对应试教育以真正的审视，而脸谱化的人物，刻意制造的煽情，都使电影创作的只是一个自诩手握真理，品格崇高，预以绽放万丈光芒的神。
发条橙,看过,较差,2019-07-13 18:47:26,28,点映，勉强两星，典型的非电影。都散了吧，几乎堆砌了一切能想象到的狗血与烂俗桥段，恶心程度在今年仅次于《老师·好》。整体和《分手大师》一个水准，不过是换了个类型，但前者起码还可以让我在影院吹着空调像个傻逼一样哈哈哈哈两个小时…
色烈芬_,看过,较差,2019-07-21 01:44:18,5,太差了 节奏 剪辑还是立意都让人失望。宇航员对话时一个笑容切了四次 太零碎了。另外 电影表面上是讲新式教育 然而这个爸爸行万里路长见识的解放天性教育却是为了应对考进年级前十 矛盾又可笑 这脱离课本的方法不管是那个年代还是当今甚至是没受应试教育荼毒的外国都太超前了。再说了 好学校里从年级垫底考到前十 要么孩子本来就聪明要么死读书。电影好几次强行煽情也是尴尬 一是淹水二是小树林被打三是揭露疯子身份等 这几个片段从实质上根本就是割裂“教育”这个立意 脱离主题独立出来强行让人哭 只觉得有点滑稽。顺便问下 宇航员这个剧情是有什么意义吗 又烧经费又累赘 特效又不好 看得真累。其实邓超不差 眼睛里有戏 只是俞白眉真的太坑了 希望邓超早日脱离他的魔掌吧。
栗子侠,看过,较差,2019-07-16 13:24:13,88,莫名其妙，荒谬绝伦？教导主任是这么说的吧。段子式电影，编不下去了就放首时代流行歌曲。邓超演了个辅导班宣传大使，slogan：KEEP THINKING!
Space Monkey,看过,很差,2019-07-18 14:09:24,40,鸡汤这东西真是好，喝了就能让问题自动解决，跟着爹到处玩就能喜提前十，父亲坚持在同一家店吃面就能把当年栽赃自己的人抓个正着，太空船被撞重新插一下芯片就能好… 这不是银河补习班，是星际开挂班！
strongman,看过,较差,2019-07-16 01:23:41,59,哎，邓超还是活在成人童话里，不能再给机会了（话说教学主任严的真好
deus,看过,还行,2019-07-14 17:09:46,0,它在你的心中评价有多高，很大程度上取决于是从现实主义层面还是浪漫主义层面去进行评价。无论怎样，在这样一个发声愈来愈艰难的时代，有人还愿意把独立思考这几个字说出来已经值得钦佩与赞许了。这样的父亲如果多一点，相信会让社会更好一点，也会让一部分人多一点不安。
六条叔叔,看过,较差,2019-07-13 16:38:50,35,（重要的事先说：能不能不要再消费张国荣了！）终于知道为什么在这个暑期档纷纷被撤档，本片可以活下来，根本就是《改革春风流行金曲联唱》+《流浪地球前传》！根正苗红，还有吴京！电影很笨拙，剧本很失败，硬叙事、硬煽情、硬鸡汤、硬说教，不接地气，角色脸谱化，空洞的叙事内核使每个演员都很尬，变成了情绪式表达，节奏太拖沓，废章多且重点散，笑点泪点铺设较乱。这已经是邓超和俞白眉第三次合作导演了，可是两人在合作以及自己分工上都没有太大的进步，依旧渗透着不知道从哪来的自恋。俞白眉到底有什么闪光点，让邓超这么迷信他！年度烂片谈不上，但是年度最会伪装的烂片一定是TOP1了！
维恩B,看过,较差,2019-07-14 22:02:57,54,蠢笑了。不过只隔了一代教材，却陌生妖魔化得像是另一个世界。对应试教育理解和态度更像是隔岸观火，谈不上批判，更没有真诚。刻意制造全员恶人的搞笑抓马和满篇的鸡汤金句，蒙混过关才是他们最大的企图心。然而现实是，金曲串烧带来不了年代感，毒鸡汤既不能育人，更不会救命。神格化的光辉形象实现的也只有自我感动。
所有团的团长,看过,很差,2019-07-19 21:08:53,14,我要听140分钟鸡汤我干嘛不去听个音频？要花钱进电影院？真想告诉片方，片子烂你花1000万做营销也救不回来，观众不是傻子了。
把噗,看过,2019-08-05 15:40:06, ,4,为什么会有污京？
451½°F™,看过,很差,2019-07-21 00:26:21,21,无论是反「应试教育」，还是连篇累牍的「怀旧金曲」，本质上俞白眉+邓超依旧还是在卖弄他们自以为是的「华语片观众弱智审美」精确投放，同时充斥着一种自我标榜的「超人主义」，「只要跟随天性」和「想明白」就可以心想事成，简直比「应试教育」更加荼毒青少年。
我是尾号2473,看过,较差,2019-07-17 01:04:26,32,银河补习班，教学靠鸡汤
皮革业,看过,还行,2019-07-23 21:28:25,9,宁愿相信这是个悲剧，父子在航天中心见的最后一面，因为上访问题以翻脸告终，而每个人脸上都笑开颜的大结局，不过是任务失败后儿子的一点死亡幻觉。
青APPLE,看过,推荐,2019-07-16 13:40:13,53,看了很有感触，我觉得人无论如何都不能失去梦想，这不是单靠书本就可以学到的，我们要跳脱出应试考试而有自己独立的人格，真正是为了自己喜欢的事情去奋斗才有意义。我觉得影片的立意很棒，全程又哭又笑的，邓超演温情路线还是很棒的，马飞的扮演者白宇也很出色，小孩子演的也很好。
千里,看过,还行,2019-07-14 23:08:27,11,"虽然这部影片暑期档可能会爆，但并不是因为质量特别好，而是其他影片接连撤档后最近档期没有几部能看的了。

剧情跨越三十年，150分钟将不同年代的标志性事件作为故事背景以及用经典歌曲不断煽情，这种用旧时光的事物唤起观众共鸣的方式很讨巧。

粗暴的将应试教育放在对立面，将人物与年代事件扯上关系。将这种开放的家庭教育带来的优势和揭露应试教育的问题方面又处理的极其简单敷衍，只是一些浮在表面的教育理念，最终的结果缺乏说服力。在一些人物关系处理上，也甚至有点狗血。

而且你以为这部电影仅仅是要说父子亲情、教育问题，结果是从头到尾和中国航天结合到一起，最后是理想式的爱国情怀，喊出中国加油以及教育深化改革的口号。"
喷饭,看过,很差,2019-07-17 16:23:48,32,素质教育就不用上学了？要信不过学校还回什么学校，你不上学到处玩还能考上大学？这种洗脑片，真的是教唆，不是傻就是坏，邓超和俞白眉业界毒瘤
丑牛,看过,还行,2019-08-11 14:10:30,0,能看出邓超是卯足了劲想干票大的，可惜做成了韩寒，再怎么使劲也只是过了及格线
Cycble,看过,还行,2019-07-14 19:30:20,16,"1、“我是一个骄傲的人，我有我的骄傲。每个人心中都有一座桥，修好自己的桥，才是自己这辈子最重要的事！”

2、大概我们都有过想要用一束手电筒的光拯救一个人的时候吧，当你还小的时候，当他老了。

3、人生第一次，谁还不会犯点错呢，重要的是你愿不愿意正视它并改变，学会道歉也很重要哦。

4、《人民的名义》穿越《银河补习班》，季昌明附体容嬷嬷。阎主任有点悲哀搞笑，谁学习好给谁挂墙上。

5、儿子成绩突飞猛进，太过理所当然，别人学习的时候你在玩，不那么聪明的亚子再多思索十几天就前十名了？传递的教育方式和思维没毛病，但还是落脚到成绩上，有点可惜。

6、一边给儿子买二八六，一边搬砖卖血，有点过了，首先，能到卖血的地步，大概没时间陪儿子，也不太会买电脑，再浪漫，咱也实际点，要不就别煽情卖血。剧本有问题。"
Mr. Infamous,看过,较差,2019-06-16 16:59:21,19,谈起教育体制，或者具体到那种逼迫每个人成为“差生刽子手”、“异己戕害者”的学校教育甚至家庭教育，还是能够感受到凉意、悔意与恨意。以此做文章，哪怕是构建一个超现实的对抗，也还是能让人有所畅想（讨巧，但至少不赖）。马皓文以新锐的教育方式在上世界带孩子，英勇得有些落寞，只是骄傲如许，未必会在结尾做出那个选择（很毁人设）。于是，以为最戳的会是励志元素，但其实是那轰然坍塌的教育成果（偏偏电影取向同样如此）。无上的荣誉掺了那么多冰冷的算计与考量，比教育的功利更讽刺（那谁客串的戏份更为讽刺）。电影很宽很厚，成与不成都在格局（在我看来“不成”多于“成”）。任素汐继续成为一部电影的最大杀器，看到后面更有惊喜（太有趣了，好感全靠她拉回）。两星半。@上影节
张恩勾,看过,较差,2019-07-14 22:16:15,19,"147分钟对于这个题材来说，有点略显拖沓了，有几场戏是删掉也可以成立的。表演方面，任素汐演的夸张了，演小高老师的王西也太像郑爽了吧，关注后续发展。扮演中学时代的儿子小伙子挺自然的。

寂寞叔的配乐一般水准，有些配乐的不克制就像生硬的搞笑桥段和意识形态宣教一样令人生厌。

总得来说没有完全垮掉吧，可以看一看。"
瑞波恩,看过,推荐,2019-07-16 22:39:20,18,“你有两个爸爸，怕什么？”呵呵，在这个“拼爹”年代，其实不该这么煽情的，邓超的表演没的说，入情入心。可惜毕竟是一个主题先行的国产大片，主打父子感情牌+批评僵化的教育体制，顺带沿袭了《流浪地球》的大国科幻情怀，年代符号成为生硬的点缀，怀旧金曲大串烧有些突兀。可是能够做到这些也已经不错了，邓超说出了不少金句，“假如没有找准靶子，整天练习拉弓有什么用。”ps Hans Zimmer参与了电影配乐，意外惊喜。
icelove,看过,很差,2019-07-19 01:52:57,36,"对不起，首个1星，满怀期待，失望至极，硬伤实在太多，列举几个最硬的吧
1.一个成年人被仨孩子打，一点都不带还手的
2.前脚说一点存款都没有，吃饭成问题，后脚就买了台电脑？之后还全国各地到处旅游？
3.儿子遇洪水差点死了，回来第一件事竟然是赶着考试？
4.命题作文，不按题目写，这种所问非所答的事放在古今中外一定是非常低的成绩，说的再好也没用。
5.当着教委和所有人揭主任家的短（主任儿子是疯子），是有多大仇？而且主任不怒不恨反而哭着忏悔上了？
6.最不能理解的是邓超告诉儿子被诬陷了一辈子终于快翻案了，儿子说别翻了，没意义？我要是邓超都得后悔生了他。
最后说下教育体制的事，应试教育是最公平的，任你再有钱和权，都一样。素质教育，都是有钱有权的人得利，别再跟着喊了，具体看看最近欧美出的事就知道了。"
思路乐,看过,较差,2019-07-13 17:14:03,30,【C－】还行哈，基本和我预期的没什么两样，预料之中的拧巴做作。这就是那种为了“有笑有泪”而不顾一切的国产烂俗煽情片。从把虚构角色代入历史事件的剧本来说，像《阿甘正传》；从父与子的角度来说，像《摔跤吧爸爸》；从批判当下教育机构的角度来说，像《三傻》。可结果呢？充斥着大量自以为是的生硬转折，剧情上的跌宕起伏完全只是为了无脑讨好观众而用。况且在素质教育风口浪尖的关口，本片的主人公所做出的努力也完全没得说服力。汉斯季莫的配乐也是一如既往的划水。真不知道该说什么了，感觉在俞白眉从本片展现的嘴脸来看，说啥都是无用功，还是劝各位慎重考虑吧。
SELVEN,看过,较差,2019-07-19 07:01:26,11,50/100 完美的展示了国产电影想要说点正常的价值观要绕多大一个湾子或者磕多少个头才可以。影片的第一幕一度让我想起了《死亡诗社》，是啊，培养有独立思考能力的人多么重要啊，哪怕它只是作为一部故事粗糙不堪的影片中的一句口号，都是有分量的。
张咏轩Wayne®,看过,较差,2019-07-13 19:05:55,35,影片的主题是虽然是成长和勇气，但主观性设置悲情和优越，采取碎片式的讲故事手法叙事，单拿出来有笑有泪，放一起零散不堪，对故事没有推动作用，成长弧线是割裂的，细究逻辑也不合格，功课门门挂科，空谈理想，经历困苦和生死就突然拿到班级前十，缺乏太多的细节铺垫，结尾马飞出太空与时间赛跑修复通讯器，简单冲刺却有预想的犯难，宇航员被塑造的毫无专业素养，一切都是想当然式的贩卖悲情又赢得掌声，后30分钟崩的最厉害，故事线匆忙暂停紧急收尾，并从2019年12月这个时间线上极速浸淫了莫大的荣誉和狂欢，连汉斯·季默的磅礴都掩盖不了这个故事的假掰。
Z星驰007,看过,还行,2019-07-17 22:41:54,12,再一次证明邓超是位好演员、俞白眉还是个垃圾电影编剧！用力太过猛了，为了制造矛盾冲突，连爸爸为了保护孩子及时上课被小混混围殴的剧情都出来了。讨论教育问题就深刻地讨论啊，有必要把教导主任弄的这么恶毒吗，居然还给教导主任安排了一个因为不当教育而跳楼发疯的养子，简直太恶心了。另外是把爸爸的爱和教育方式赋予了战狼式的超能力吗？好像只要按着爸爸的路走就能考第一、能走上人生巅峰，按应试教育的路走就是死路一条！角色方面，任素汐和邓超怎么搞成夫妻档了？太出戏了。但是比较好的一点是最后爸爸并没有因为对孩子的爱而屈服放弃自己的人格尊严，要不然就太俗套了。
牧马少年,看过,力荐,2020-02-10 23:18:08,0,故作煽情之作，邓超如果你被白眉绑架了你就眨眨眼
千反田 える,看过,很差,2019-07-20 21:24:47,9,、无病呻吟的东西、高中生白马飞丑出翔、还老、、
---,看过,较差,2019-07-20 13:29:40,16,加长版“幻乐之城”…
汪金卫,看过,较差,2019-08-11 01:48:33,5,演得很努力，看得很无语。美术还原90年代尚可。儿子回忆视角与上帝视角混搭拼凑。乱贴90年代金曲串烧莫名其妙。父亲角色最好的戏是航天基地展现的对儿子的失望。其他长篇大论的心灵鸡汤说教太尴尬，甚至不如后爸角色有戏。至于差生瞬间名列前茅、神奇木筏、超长3分钟等桥段可以说是让人喷饭的奇观了。这些剧作上的敷衍、败笔严重影响成片质量与观感。P.S.战狼的每一次出现，都忍不住笑出声。两星半
橘猫爱吃鱼,看过,还行,2019-07-17 07:59:04,8,有笑点有泪点，不过鸡汤太多略显尴尬。
室内滂沱,看过,还行,2019-10-02 15:16:47,2,从《星际穿越》摘取不少元素，再加上全片的色调、平行剪辑、语重心长的台词，还有小高老师在体制中逐渐看清体制非常像《黑暗骑士崛起》的罗宾，诺兰粉丝到处有，没想到在这儿又活捉一位。教育制度是中国国情里最触犯不得的（想想那场浩劫就是从颠覆教育制度起源），此类电影几乎从未拍好过，这部就算用现在-回忆双时空、再在回忆里将情节分成孩子读书和爸爸“大不了重头再来”两个部分（等于有关教育的戏份只占四分之一），想让故事不沦为简单的“学生与学校对立，最终和解”的俗套，最终还是在小高老师跟阎主任的戏份里露了陷，视听语言都是正时髦的，但一碰到尖锐问题，还是主流模式下的假反思，人物语言尽量去接地气，但仍然不是现实中人们的说话方式，终究换汤不换药。技术层面其实都不错，奈何在这主题下难有作为。PS.几个热门短评互摘观点也挺有趣
Colin叻,看过,较差,2019-07-18 19:01:40,20,强行被电影院圈住说教了真正两个小时！而且还是错误的价值观！
飞鸟凉,看过,较差,2019-07-15 22:33:58,24,好大一碗鸡汤炖狗血，还炖了两个半小时，噎着了。各种时代大事件的堆叠，年代音乐大合集消费张国荣，强行煽情，自以为是地说教，尬聊教育。摆着一幅反对应试教育的姿势，其实吧...是曲线跪舔。无论从剧作还是班底处处透露着投机。演员演得很差，极其抓马，不说人话，哦不对，片中只有一句像样的话可以概括这部电影：“你是什么洗脑组织吗？”
·金鱼酱·,看过,还行,2019-10-09 10:52:30,6,马飞去监狱看爸爸，一直等着爸爸回家那段我哭的很伤心，想起来花生最近因为想小忽哭过好多次，每次他都哭着问我爸爸怎么还不回家，我真的好想我的小忽爸爸，我的心像被刀割一样疼，他以为只要坐了火箭就能去那个忽忽星球看到他的爸爸，但是我却能感受到其实他应该都明白了，他的爸爸不再了…… 我第一次做妈妈，第一次做一个单亲孩子的妈妈，我不知道自己现在做的事自己现在的教育方式是不是适合他的，该怎么让一个男孩子在没有父亲陪伴的环境下好好的成长是我最想做好的事情， 我给他母爱我也想给他父爱，他看到我一个人在家做饭洗衣工作他会心疼地说：妈妈我觉得你好辛苦啊怎么累了一天，我心里好暖，我希望我的花生是个温暖善良勇敢的孩子，希望他能一路遇到善良的人，电影里一群孩子打马飞时我真的好怕，亲爱的小忽愿你在天边永远的保护着花生好吗
19431818,看过,推荐,2019-07-13 17:36:10,58,马皓文你就是世界上最好最酷最棒的爸爸之一！家长全方位的信任孩子，孩子全身心的相信家长，还有什么比这个更赞的？！邓超你只要不拍喜剧，都挺好！（话说这片为啥不在父亲节上映？
汽车大师,看过,较差,2019-07-19 23:43:05,5,22.8是对这剧本挺好的概括
小丸丸哈哈哈,看过,很差,2019-07-18 15:01:44,27,bgm响起《快乐老家》令人非常尴尬，剧情令人更加尴尬
绵绵小贝兔,看过,较差,2019-07-19 16:19:51,12,嘛玩意儿？嘛玩意儿？？？
爆刘继芬呐啊,看过,很差,2019-07-16 17:42:58,46,9012年了，邓超还在演烂片
哼哼.floweray,看过,还行,2019-10-05 13:55:35,3,立意挺好的啊，就是叙事太直白和程式化了，换个编剧，其实可以对标一下三傻
RUNE,看过,较差,2019-07-13 19:34:47,25,5/10，缺点蛮多，年代感塑造和台词编写（唯一编剧俞白眉= =）方面令人出戏，但说实在的，本片最大诟病还是在于有着太多强行戏剧化的冲突，再配上邓超角色各种无脑撒热血的鸡汤轰炸（就连他老婆也说他像洗脑组织）感动来得非常之勉强，虽然的确是有几个拍得比较触动的点，但整体还是偏尴，消遣时间或许尚可，勉强打个三星→想了想三星不值得，还是两星吧。。。
Ricky925,看过,很差,2019-07-22 18:44:51,0,一个太接地气的idea却是以太不接地气甚至夸张魔幻的方式处理，大量滥用流行歌曲的手段致使主创“卖情怀”的伎俩显得愈发幼稚。但这种电视剧质感的廉价煽情确实是会赚取眼泪和票房的。比起本片的美学，创作者们应该关心的是，在当前严峻的审查制度面前，哪些现实主义的案例是可以被拍出来的
基瑞尔,看过,还行,2019-07-13 17:54:14,4,不可否认的是比之前那几部好太多，差别在于前面看完会觉得侮辱智商，这部充其量觉得没有营养。没有新意的年代歌曲大联放和强行的时代标签，不走心的布景道具，还有妄想靠某人出镜的cameo抖机灵，疑似吃完所有“技术人血馒头”等种种做法全方位的暴露了涸泽而渔的本性。但是马皓文那个关于“11cm”的开导和两位小演员真的值得喜欢，也不想太挑剔。
喵老师2333,看过,较差,2019-07-16 21:11:16,32,全片就任素汐一个清醒的，“你就是洗脑组织的”。依旧是邓超自恋式的自我感动。人物的思言行都是分裂的，很多废词废戏不懂取舍，给观众也是两个小时的煎熬。最后超长的鸡汤也只是一句假大空的口号而已。
儒,看过,较差,2019-07-20 23:27:09,5,为啥浓浓的印度电影feel（老歌串烧啊时代事件串联啊基本情感关系加上赶着趟儿的不着调情节
rodge,看过,还行,2019-07-16 21:58:17,4,看了点映，算是对标去年的现实题材药神。这次讲的是教育，一个跌入人生谷底的父亲培养孩子一步步学会独立思考的教育过程，算是对惯有教育方式的改革，题材故事设定都OK，只是拍的还是不够火候，故事的鸡汤和想当然略多了点，模式化的桥段还有部分略硬的笑点，ps：特别不希望老师和爸爸最后在一起，俗套。配乐不错，给情感烘托加分不少。对标药神差的有点多，但是暑期档撤的差不多了，这部电影应该能小小的爆一下
电影黑匣,看过,很差,2019-07-18 00:00:47,31,票房怎么样不好说，但是暑期档第一舔狗没跑了。父子情和成长教育都是表面功夫，亚运会和火箭升空貌似才是真正目的？看完电影恍然大悟，原来都不是。佯装深沉探讨父子情和教育体制是掩饰自己心中主旋律，又用主旋律表忠心隐藏内心只想赚钱的投机心理。这种地毯式舔法环环相扣生怕触不到观众G点，邓超和俞白眉这对糟心组合真的太可怕了
街坊饿霸,看过,很差,2019-07-24 17:54:59,9,为什么这么长
久光耀一郎,看过,较差,2019-07-17 21:50:32,28,它不是难看不难看的问题，它真的是那种很少见的那种如坐针毡，膀胱憋炸。
一拳老师,看过,很差,2019-07-17 07:55:30,31,没有金刚钻别捣瓷器活儿啊哥。
沉默是金,看过,很差,2019-07-18 15:04:01,25,真不知道该说什么了，明明有烈日灼心影帝级的表演非要陷入当导演的怪圈，而且大有你们越质疑我就越要拿出成绩来打你们脸，然而事实就是真的在这方面没有才华与品味，超哥我真心挺喜欢你和俪姐的，能不能别让俞白眉和综艺继续耽误你了，踏踏实实当个好演员拿奖不好吗
Gao,看过,较差,2019-07-18 14:46:58,16,"太恐怖了吧，一碗有毒鸡汤。确实有些地方把应试制度抨击得不错，那么值两星。
全片搞不懂这到底是个现实主义题材片还是个励志片，原来最后是在抒发父爱，但“父爱”从头到尾怎么充斥着一种虚伪感和劣质感呢。父母的亲情非得用大场面烘托吗？所学的知识只能运用到灾难中吗？洪水多余了吧。在玩中成长，在实践中学习确实不错。但马飞究竟是怎么考到年级前十的？
莫名其妙，荒缪绝伦。
所以最后还不是说只有成绩好、有权有势才是硬道理，大多数那样的普通孩子，还不是在社会的偏见中被淘汰了。
邓超野心太大了以至于整片结构逻辑乱的一塌糊涂，旁白简直就如同肿瘤一样盘踞我的脑海，这样诠释一个孩子的内心，未免把他想的太简单了，总是爸爸说爸爸说，邓超真是自恋。
能把一部反应社会现实的电影拍成一部用虚伪包装包裹起来脑残意淫大片，教育真失败。"
冯导,看过,较差,2019-07-19 12:38:26,11,"写父子情，写教育，银河补习班在观念上比40年前的香港新浪潮电影《父子情》还落后！！
还停留在小学生层次的琼瑶式煽情阶段。



比十几年前谭家明、郭富城的《父子》还差了一大截，谭家明、郭富城的《父子》，至少敢于直面残酷的现实生活，不低级的煽情，敢于反映父子间的矛盾冲突。"
李湘,看过,较差,2019-07-21 16:16:13,6,想看邓超走非喜剧演员的电影。上映前的宣传铺天盖地。期待满满。却摔得很重。剧情并不是特别好看。两颗星给邓超的媳妇孙俪吧。
M.,看过,还行,2019-07-18 15:30:33,3,趁午休去看的。比预想要好，有泪点有笑点，不过也没太多惊喜。通篇感觉还是太硬了，故事很模块化，事件的渲染和几个时间节点的转换都有这个问题，鸡汤灌的比较拙，流于表面不戳痛点，反而小马飞量身高这种日常的部分很戳我这个做家长的心。任素汐和李老师那场“清宫戏”承包了最大的笑点，那谁的表现预料之中，不功不过，想在大荧幕上发光发热还得再努力啊。
Vloven,看过,很差,2019-07-18 23:27:25,6,你以为它核心是讲教育改革，它给你讲父爱，你以为它要给你讲父爱了，它又回去了，讲了一圈，也没有回答什么才是合适的教育方式，既然电影里面这么讨厌应试教育，又为什么回去考试？个中逻辑实在是讲不通，一碗浓浓的鸡汤把我浇了个透顶，全篇充斥着各种说教，仿佛有十个爹在教育我一样，邓超这角色过于假，某种程度上已经接近于神性了，不过，想拍好片的态度还是值得赞扬的，终于不搞屎尿屁喜剧了，但呈现出的戏剧效果真的让我有理由怀疑他们这一切都是生意，精准把握普通观众需求，他们做了一部有话题度的而且好哭得电影，票房上基本就成功了，但电影不是这么个拍法，我希望看到的是“真”人物，太假了，这鸡汤我一点都不受用，反而觉得生理不适，请好好看一看《死亡诗社》《请叫我第一名》《三傻大闹宝莱坞》是怎么拍的！
黑特007,看过,还行,2019-07-24 17:38:21,2,略强行，毕竟衡水中学式教育早就被全面吐槽了，而且个人不觉得衡水式=应试教育
顾大海,看过,力荐,2019-07-22 09:40:52,8,情节老套，手法拙劣，多处用力过猛，令人尴尬。但是，这部剧让我哭了三次，哭一次，加一星，不说了给五星。
SleepWalker,看过,还行,2019-07-15 23:12:42,8,有诚意，欠能力。毋庸置疑比邓俞之前制造的垃圾强，几部预测大爆影片撤档后它就是今年的药神。现实题材，以非典型父亲别出心裁的教育手段来表现父爱的主题。邓超饰演的父亲教育孩子的观点是开放（西化）的，与中国传统教育理念相悖，这样造成的问题就是不得不将代表传统教育的教导主任塑造为“反派”，在大环境下审视是尴尬且勉强的，所以看到最后的观感还是会以父爱的充分诠释为主，剑走偏锋的教育理念只是如擦边球般不痛不痒。故事一头一尾都不喜欢，尤其是一上来就开始煽情，您把汉斯季默请过来参与配乐也不至于这么急不可耐，还有结尾儿子的自救，一是叙事逻辑自洽成疑，外加舱外连我这个外行都能看出的bug们，不忍再提。当然，片子绝对不烂，出发点是好的，具备相当的探讨意义，笑点泪点拿捏准确，年代感还原尚佳，遗憾的是，以上问题真的要命。
莫破,看过,很差,2019-07-19 12:35:03,19,商业电影格局无关编剧三观，主要气愤他把观众当傻逼，就这，你以为大家会喜欢？凭什么
战国客,看过,还行,2019-08-01 15:12:38,2,过犹不及
小川叔,看过,很差,2019-07-24 23:38:29,5,俞白眉劝退。
玉娇龙,看过,较差,2019-07-16 23:27:48,24,"不好意思，一开始期待值拉太高了，结果是这么个人设立不住，全程在说教的片，年代戏硬接，发洪水那场大场面戏丝毫未作用在父子情上，真是你家孩子发大水困里面，你会拿着大喇叭一旁喊不跳下去救吗？教导主任这个人物偏执的也毫无逻辑可言，即使加了前史，也不觉得这个人物有悲剧性色彩，只觉得是在瞎写。最后一句，送给营销公司，你们真是牛逼，祝你们票房20亿。"
河狸,看过,推荐,2019-10-06 02:29:51,5,理想的教育理念，然而对天朝并不适用。
神山圣湖.林杰,看过,很差,2019-07-18 16:24:00,18,又搞自我票房营销，特别的讨厌
王小叶儿,看过,还行,2019-07-16 08:55:09,17,当一众人（包括我）在吐槽恶棍天使、邓超俞白眉的组合时，邓超大喊着“我不会认输的”携着着HansZimmer的磅礴卷土重来，戏里戏外都让我沉默，原来是我喜欢用行动说话的人。“永远不认输”，“一直思考”，“看了那么多优秀作文为什么还是不会写作文”，银河补习班不是毫无瑕疵的“最佳答案”，但足够成为引人注目的“优秀答卷”。虽然仍有很多不合时宜刻意为之的搞笑破坏气氛，一些情节的转折的确可以更好，但好好演戏的邓超真的很OK。看着热门的那些负评，我不知道这次的你最终能否“赢”，但请坚持走你自己的路，修好你人生的桥。我不是那个打零分的人，也不是那个会打满分的人，我是那个打三十五分的人，不要怪我打的分数低，毕竟我也是第一次安利一个叫邓超的人。还有，这么厉害的魔术，请你再一次，再一次，再一次，变给我看。
麻绳,看过,较差,2019-10-02 21:54:38,1,既蠢又坏的电影，蠢在完全无视现实逻辑，坏在用丑化周围所有人的方式来衬托主角的伟大。
邓若虚,看过,较差,2020-02-18 21:38:11,2,1，父亲一直致力于给儿子最好的教育，结果儿子长大之后要上天之前说了一段王八蛋的话……这……没看懂啊……怎么后来就跟没事似的欢欣鼓舞地结束了呢……这段太可怕了；2，大的高潮太多了，看到洪水的时候已经很累了；小意外也太多了；3，对教育制度的认识停留在 20 年前，所以成绩提高那段演得跟科幻片似的；4，安排一个主任的儿子那段特别具有报复性，很糟糕，这根本就不是讨论教育，而是轰炸敌人了；5，哎呀好喜欢看任素汐的戏。
[已注销],看过,较差,2019-07-19 20:06:06,11,一锅食材相克的鸡汤，前后矛盾，逻辑不通，是反教育还是撑教育还有到底怎么搞教育，以编剧这狭小的脑容量就别搞这么假大空的题材了半点都没讲好。还有制作方面，所谓的年代感就靠着黄蒙蒙的滤镜糊弄吗？
默语生,看过,较差,2019-07-20 21:06:50,7,求求你们放过中国教育吧。虎妈狼爸衡水中学固然恶，但民间教育家和鸡汤灌顶同样救不了孩子。彻底失望在洪水成为奇幻故事背景板那一刻。最关键一句台词是“挺符合这轮教改精神的”，说出了对错是非真正的覆雨翻云手，可惜用20年前的落后否定30年前的落后并不能带来先进，埋足煽情点也不能。另外整条航天线和结尾的每一个镜头，怎么说呢，好听点叫求生欲，难听点是鸡贼和媚上。祝二位导演政治经济两开花吧。
阿卜,看过,很差,2019-07-19 17:55:56,3,呵呵，情怀是拿几首代表性的歌曲、放几个代表性的事件放进去就可以了吗？洪水都淹房子大半的程度了，一小孩能横向划出来？这哪是洗脑组织，诈骗组织还差不多，要不要这么硬拗98年的洪水？白宇还算不错一个演员，这部电影演得也是极其尴尬了，还有镜头扫过吴京一脸严肃而周围人员都在鼓掌的场景也真的非常尴尬。最后不知道是我看漏了还是咋，白宇修好了信号接收器感觉已经是准备牺牲的表情（毕竟固定带也取了痒气就剩那么两三秒），然后居然返航了。看了看剧本谁写的，电影谁导的，就希望俞白眉和邓超能好好听一听《爱的供养》，说不定有朝一日可以被唤醒过来。
Clyde,看过,很差,2019-10-22 16:35:01,1,如果说《分手大师》够蠢，《恶棍天使》够烂，那么，该片绝对有毒，合称“蠢烂毒三部曲”。马飞的“奇迹”纯属YY，并不是说这样的“奇迹”不可能，但也是要有充分必要条件的，而影片中给出的条件几乎可以用极度无知来形容。表现父子关系的方式有很多，但“毒鸡汤”绝对是最差的一种。
雪中来客,看过,推荐,2019-07-19 00:35:08,7,"7分/有了点映马上去看了，眼泪不要钱系列。这应该是邓超俞白眉合作目前为止最成功的一次。虽然很多部分的处理违背了现实和我国部分国情，比如火炬传递的时候怎么可能自己多说那么多话走另外的路，比如说如果三辈以内直系亲属有刑事记录，子女又如何可以通过政审成为宇航员。这两部分看的时候会有不适感，但是在假定成立的情况下，单纯讲全片叙事和节奏，中段应该是最精彩的，末段却忽然又因为剧情处理的还不够真实到位没有达到最后的推高。不过关于邓超饰演的父亲的剧情，整体完整性和故事性都不错，也其实是本片真正的看点和核心。我十分认同里面父亲提出的教育观，也觉得是当下非常必要的，也希望更多身为家长的人可以去了解，去理解。所以从这点考虑，我希望这个片子可以火。
每个人都有一座自己的桥，修好自己的。桥会塌，人不塌，桥就永远在。"
zhang 2nd,看过,还行,2019-07-16 21:28:43,3,对不起儿子，爸爸是第一次当爸爸，也会犯错
Muto,看过,很差,2019-07-17 17:11:17,24,中国电影也有中国特色——不是什么好学什么，而是什么红学什么。邓超自导自演的《奔跑吧兄弟》加《爸爸去哪儿》加《流浪地球》加《无名之辈》总体上是一场抱怨教育的超级马拉松。然而即便中国教育错再大也说对了一句话：不学无术的《银河补习班》不仅莫名其妙而且荒谬绝伦。唉，汉斯的配乐是漆黑宇宙里寂寞的星。
诺坎普的角旗杆,看过,很差,2019-07-18 17:28:47,17,"2019年底十九部院线电影
三个字总结——太刻意，表情刻意，剧情刻意，人设刻意，场景刻意一切的一切都太刻意了。以至于我在怀疑自己到底为什么会再一次走进电影院看俞白眉和邓超合作的片子。我不知道拥有一个罪犯父亲的孩子是如何通过严格的政审制度成为航天员的，我也不知道邓超所饰演的父亲角色到底有何种的实际意义，我也不知道这部电影到底想要说些什么，总之这是一部我都不愿意说他烂在哪里的烂片。
主体是一个初中生的成长却要穿插太多的有瑕疵的剧情，比如九年义务教育如何开除？比如为什么是初中生却要融入刻意的抛卷子。太多太多的东西看不懂，尴尬的笑点，犹如一部又臭又长的MV一般的镜头。堆砌感太强，而且情节不连贯，对于教育的探讨和对父子情的描写有太过肤浅"
保罗猪,看过,推荐,2019-07-16 22:12:58,13,这电影上不了七分我把手机吃了
六十三,看过,还行,2019-07-16 14:32:11,8,3.5分，快逃。想要的元素太多反而全都浅尝辄止，没有一个深入的。后面剧情垮，煽情不到位且戛然而止……总之爆米花很好吃。
天蝎小猪,看过,推荐,2019-07-22 17:08:37,7,“历史怀旧+中国式教育”的主题并不新鲜，甚至有点老套，绝大多数中国父母也不会因为片中的成功“个案”而改变一种随大流且看上去更“轻松”的教育方式（周围的朋友、邻居都在这样做）。虽然剧设上的片面理想主义影响了整部作品的质量，但编剧、导演绝非一无是处，我也不敢苟同很多人对于邓超演技的抨击，片中几处打动我（甚至于泪目）的地方还就是得力于父子演员的深情演绎。
特立独行的猪,看过,较差,2019-07-19 00:38:13,14,“失真”，硬学麻花和药神的超级大烂片，全线崩盘。#小高老师太好看了
Dexter。,看过,很差,2019-07-19 02:18:12,20,放了这么多劲歌金曲你还没哭？？？ 那我开始乱讲故事了！
伯特特特特,看过,还行,2019-07-25 11:35:33,5,哪一个帮派的混混会在早上8点上学之前在树林里面乘凉啊啊啊！
天海绫赤,看过,较差,2019-07-19 07:55:03,9,银河补习的成果让马飞卖父求荣 这是献给父亲 不学无术的教育让学渣逆袭成功 这要送给儿子 一碗牛肉面 贩卖的反智鸡汤 足矣让儿子对父亲无脑崇拜 一向缺根弦 崩坏的逻辑思维 能够让父爱化身成洗脑组织 可以旷课水作业 因为把成绩差推锅体制 连学校都是反派 可以逃学看航展 哪怕有大洪水滔天泛滥 任小孩兴趣使然 沦为太空垃圾 再多的金曲也救不回来 挂上陈列照片 再亮的手电也找不到家 煽情的不止魔术 还有莫名其妙的剧本 崩塌的不止大桥 还有荒谬绝伦的三观
uiuiyyy,看过,较差,2019-07-16 16:57:28,26,看完只想真的无语，这片前期效仿药神大面积营销口碑，然而强推之耻是必然遭反噬的。
米拉拉,看过,推荐,2019-07-20 10:44:09,6,若不是因为当了母亲，又存在和原生家庭的矛盾，可能我不会给出四星。bug的确太多，但邓超和两位小演员演技太舒服了，而且片子的底色很打动我，哭到不能自已。
行云流水,看过,较差,2019-07-19 12:46:22,15,没太懂怎么就学好了，这片子你说是讲教育，其实就是想说无条件的父爱吧，逻辑线路和主题有点乱……
Evarnold,看过,较差,2019-10-05 23:57:09,1,情感上能做到丰沛，但是故事逻辑、人物逻辑和动作逻辑都仍然不够好。目前大部分类似电影仍然只能停留在拍好一个个镜头、说好一句句台词，然后组接在一起的阶段。
一口大井子,看过,较差,2019-07-14 22:01:45,30,没想到父子情包裹了个战狼魂，看似抨击应试教育实则是为教育改革背书，把本应对制度的批判变成了丑化教导主任一个人，而且用一个标准成功的案例来证明多元成功观也很难有信服力，能看出主创的真诚，但也真诚的有点自恋，片中的父亲是近乎完美的父亲，但两位导演却离完美十万八千里，每年一首金曲做转场，各种时代热点新闻大串烧，最后落点的强国情绪更是堪比春晚大联欢，就差让邓超点燃木星了。
一个草莓蛋糕,看过,较差,2019-07-16 16:52:27,24,我相信超哥可以做个好演员，但是真的放弃做导演吧。不给一星是我最后的温柔了
Neuropathy_7,看过,较差,2019-07-19 00:15:17,14,这部电影的观感就像是一阵接连不断的高潮之后的浑身腿软+贤者时间，很少有电影能引起我如此震撼的生理感受，这将是一部被世人记住的电影
