Áî®Êà∑,ÊòØÂê¶ÁúãËøá,ËØÑÂàÜ,ËØÑËÆ∫Êó∂Èó¥,ÊúâÁî®Êï∞,ËØÑËÆ∫
ÊéâÁ∫ø,ÁúãËøá,ËøòË°å,2019-11-12 17:20:23,393,„ÄêC„Äë‚ÄúÂ§çÂè§‚ÄùÁöÑÂÉè‰∏Ä‰∏™Âá∫ÂúüÊñáÁâ©ÔºåÂ∏åÊúõ‰ºä‰∏ΩËééÁôΩÁè≠ÂÖãÊñØÊó©Êó•ÊîæÂºÉÁºñÂâß‰∏éÂØºÊºî‰∫ã‰∏öÔºåÊ¢óÊØîËøàÂÖãÂ∞îË¥ùÂÜôÁöÑÈÉΩÈöæÁ¨ë
ÊÉòÁÑ∂,ÁúãËøá,ËøòË°å,2019-11-12 18:17:46,255,"‰πüÂè™ÊúâÁæéÂõΩ‰∫∫Êï¢ËøôÊ†∑ÂÜôÔºåÊÉÖËäÇÂèçËΩ¨ÂèçËΩ¨ÂÜçÂèçËΩ¨ÔºåÂ•Ω‰∫∫Âùè‰∫∫Â•Ω‰∫∫Âùè‰∫∫Â•Ω‰∫∫Âùè‚Ä¶‚Ä¶
#ÁîµÂΩ±‰∏≠ÊúâÁé≤ÂßêÁöÑÊÉäÈ∏ø‰∏ÄÁû•#"
ÁîÑÁîèÁîè,ÁúãËøá,ËøòË°å,2019-11-12 15:19:30,267,ÊØîÊÉ≥Ë±°ÁöÑÂ•ΩÁúãÂìéÔºåÂ∞èK‰πütmÂ§™Áæé‰∫ÜÔºåÊó†ËÆ∫ÊòØÈáëÂèëÂ§ßËÉ∏ËøòÊòØÁü≠ÂèëÈ£íÁàΩÁöÑÈÄ†ÂûãÈÉΩÂ•ΩÈÄÇÂêàÂ•π5555ÔºõÁúã‰πãÂâç‰∏çÁúãÂ•ΩÈªë‰∫∫Â∞èÂßêÂßêÔºåÁâáÂ≠êÈáåÈù¢Áª¥ÂØÜÂ§©‰Ωø‰∏ÄÊ†∑ÁöÑË∫´ÊùêÁõ¥Êé•ËÆ©ÊàëËØ¥ÁúüÈ¶ôÔºõÁõ∏ÊØî‰πã‰∏ãËåâËéâËôΩÁÑ∂ÂæàÂèØÁà±ÔºåÊØîÂâç‰∏§‰ΩçÂ∞±Á®çÂæÆÈÄäËâ≤ÁÇπÂÑø‰∫Ü„ÄÇ
Ë•øÊ•ºÂ∞ò,ÁúãËøá,ËøòË°å,2019-11-12 22:31:56,99,Â§©‰ΩøÁöÑË°£Â∏ΩÈó¥Èô§‰∫ÜÂçéÊúçÈ´òË∑üÔºåËøòÊúâÊû™ÊîØËø∑ËçØ„ÄÇÊó¢ËÉΩË£ÖÊâÆÈ©¨Ê°∂Â§¥Ôºå‰πüËÉΩÈ©æÈ©≠ÊôöÁ§ºÊúçÔºåÊó¢ËÉΩÈ´òÁ©∫Ë∑≥‰ºûÔºåÂèàËÉΩÈ™ëÈ©¨ËøΩËΩ¶ÔºåÊó¢ËÉΩÁ†¥Ëß£Áº†ÊñóÊùÄÊâãÁöÑÊãõÂºèÔºå‰πüËÉΩÊ∑±ÂüãÂπ∂ËÇ©ÊàòÂèãÁöÑËøΩÊÄù„ÄÇÂ¶ÇÊ≠§ÊâçÊï¢Ê∑°ÂÆöËØ¥Âá∫ÔºåÁî∑‰∫∫Êò®Â§©ËøòÂú®ËØ¥Áà±‰Ω†Ôºå‰ªäÂ§©Â∞±‰ºöÊÉ≥Ë¶ÅÊùÄ‰∫Ü‰Ω†ÁöÑÂøÉÂæó‰ΩìÊÇü„ÄÇÈ¢ÑÁü•‰∫ÜÈó®Âè£Âç≥Â∞ÜË¢´ÁîµÊ≠ªÁöÑ‰øùÂÆâÔºåÂπ∂‰∏çÊâìÁÆó‰∏äÂâçÊãØÊïëÔºåÊµëË∫´ÊòØÁîúËúúÁöÑÂç±Èô©„ÄÇ
ÈπøÈπøÈÖ± ‚ô™,ÁúãËøá,ÂäõËçê,2019-11-15 14:42:10,71,Ëøô‰∏§Âπ¥Ë∂äÊù•Ë∂äÂ§öÂ•≥ÊÄßÁîµÂΩ±Âï¶ÔºåÁúüÁöÑÊØè‰∏ÄÈÉ®ÈÉΩÊòØÂ•≥ÊÄßÁàΩÁâáÔºÅÈïøÂæóÂèàÂ•ΩÁúãË∫´ÊùêÂèàÂ•ΩÔºåË°£ÊúçÂíåÂ¶ÜÂÆπÈÉΩÂ•ΩÊºÇ‰∫ÆÔºåÂèàËÉΩÊâìÂèàËÅ™ÊòéÔºåÊàëÈÉΩ‰ºöÁà±‰∏äÔºÅÁîµÂΩ±Â•ΩÂ§öÁÜüÈù¢Â≠îÂïäÔºÅÔºÅÂ•≥Â≠êÁõëÁã±ÁöÑÁæéÂÆπÂ∏à‰πüÂú®ÔºÅÂìàÂìàÂìàÂìà
YthguaN,ÁúãËøá,ËøòË°å,2019-11-05 21:22:02,92,ËßÜÂê¨ÊïàÊûúËøòÊòØÂæà‰∏çÈîôÁöÑ ÁæéÂ•≥ÂÖªÁúºÂä®‰ΩúÂà©ËêΩ ÊàëAÊéåÊùÉÂà∂‰ΩúÁöÑÂéüÂ£∞Â∏¶ÊòØË∂ÖÂ§ß‰∫ÆÁÇπ ‰ΩÜÂâßÊÉÖÊñπÈù¢Êù•ËØ¥Â∞±ÊòØÂÆåÂÖ®Ê≤°ÊúâÂâßÊÉÖ ÊúÄÂêéÊâÄË∞ìÁöÑÂ•≥ÊùÉÂÆ£Ë®ÄÊÑèÊ∑´Êõ¥ÊòØËé´ÂêçÂÖ∂Â¶ô ÊßΩÁÇπÂ§™Â§ö ÊÄª‰ΩìËØÑ‰ª∑Â§ßÊ¶ÇËøõÂéÖ‰∏§ÂàÜÈíüÂêéÂ∞±ÂèØ‰ª•Áõ¥Êé•Áù°Ëßâ‰∫Ü
‰πåÈ∏¶ÁÅ´Â†Ç,ÁúãËøá,Êé®Ëçê,2019-11-14 19:38:14,232,3.5ÊòüÔºåËÇâÁúºÂèØËßÅÁöÑ‚ÄúÂ•ΩÁúã‚Äù„ÄÇÊûúÁÑ∂Â•≥ÂØºÊºîÊúÄÈÄÇÂêàËøôÁ±ª‰ΩúÂìÅÔºåËÄå‰∏îÊãçÂæóÁúüÁæéÁúüÈ£íÔºÅÊîæÂºÉÊâìÂ•≥Ë∑ØÁ∫øËÄåÊòØË∞çÂΩ±ÈáçÈáçËåÉÂÑøÔºåÊõ¥‰∏çÊòØÂ¶ÇËÄÅÁâàËÆ©Â§©‰ΩøÂΩì‚ÄúÂ∑•ÂÖ∑‰∫∫‚ÄùÔºåÊòØÁúüÊ≠£ÁöÑËÆ©Â•≥ÊÄßËßíËâ≤ÂÆåÊàêÁî∑ÊÄßÁöÑËÅåËÉΩÔºåËøôÂ§ÑÂ•ΩËØÑ„ÄÇÂè™ÊòØÊïÖ‰∫ãÈôàÊóßÔºåÊØ´Êó†Âá∫ÂΩ©ÔºåËøáÂú∫ËΩ¨ÊäòÁî®Ê≠åÊù•Âáë„ÄÇÊâÄ‰ª•ÂåÖË£ÖÊñπÈù¢‰∏ãË∂≥‰∫ÜÂäüÂ§´ÔºåÂ§©‰ΩøÈÄ†ÂûãÂ§öÂèòÔºåË∂ÖÁ∫ßÂÖªÁúºÔºåÂ∞§ÂÖ∂Ëàû‰ºö‰∏äÁöÑË∑≥ËàûÔºåÁæé‰∏çËÉúÊî∂„ÄÇAÂ¶πÁöÑ‰∏ªÈ¢òÊ≠åÂ§™Â•ΩÂê¨ÔºÅÂ∞èK‰∏çÈîôÔºå‰ΩÜÊàëÊúÄÁà±‚ÄúËåâËéâ‚Äù„ÄÇ
ÂÄ™ÂÖãÊñØ,ÁúãËøá,ËøòË°å,2019-11-14 13:33:45,51,ÂßêÂ¶πÂºÄÂøÉÁàÜÁ±≥Ëä±ÁîµÂΩ± ‰ª•ÂèäËØ¥Ê≤°Êúâ‰∫öË£îÁöÑ‚Ä¶NaomiÂç∞Â∫¶Ë£îÁÆó‰∫ö‰∫Ü ÊâÄ‰ª•ÂÖ∂ÂÆûÂè™ÊòØÊõ¥zzzqËÄåÂ∑≤ ËôΩÁÑ∂Â•πÁöÑËÑ∏ÂÆåÂÖ®white passing
Lanita,ÁúãËøá,ËøòË°å,2019-11-15 14:26:17,37,ÊàëËøô‰∏™feministÁúãÁöÑÂ∞¥Â∞¨Ê≠ª‰∫ÜÔºåÊó†ËÅäÁöÑÊïÖ‰∫ãËøòÊºèÊ¥ûÁôæÂá∫Ôºå‰∏ªÊâìwomen powerÁªìÊûúÂè™ÊúâÂÖâÈ≤úÈùì‰∏ΩÁöÑÂ§ñË°®„ÄÇÂêåÁ±ªÁîµÂΩ±Ë¢´ËÆΩÊîøÊ≤ªÊ≠£Á°ÆÔºåÂ•≥ÊùÉË¢´Â¶ñÈ≠îÂåñÔºåËøô‰∫õ‰∏çËµ∞ÂøÉÁöÑ‰∫∫Ë¶ÅË¥ü‰∏ÄÈÉ®ÂàÜË¥£‰ªª„ÄÇÂè¶Â§ñÔºåÈÇ£‰∫õË¥®Áñë‰∫öË£îÂç¥ÈÑôËßÜÈªë‰∫∫ÁöÑÂø´Âà´ÂèåÊ†á‰∫ÜÔºåÈÉΩÊòØÊúâËâ≤‰∫∫ÁßçÈú≤ÊÄØ‰∫Ü‰∏çÊòØÔºü
Stiles,ÁúãËøá,ËæÉÂ∑Æ,2019-11-15 12:37:21,478,‰∏äÂë®ÁúãÂ∏ÖÂì•Á©∫ÊàòÔºåËøôÂë®ÁúãÁæéÂ•≥ÁâπÂ∑•ÔºåÁúãÂæóÊàëÂºØÊù•Áõ¥ÂéªÁöÑÁúüÁ¥Ø„ÄÇ
ÂΩ±Âøó,ÁúãËøá,ËøòË°å,2019-12-21 03:24:25,11,Á©øÁ≤âË°£È™ëÈ©¨ÁöÑÂ∞èKÂ§™Â∏ÖÔºåËøòÊòØ‰∏™Ë°®ÊÉÖÂåÖ„ÄÇÊúâ‰∏™Â∞èÁî∑‰∏ªÔºåÁÆÄÁõ¥Ê≥ïÈ≤®ÈôÑ‰Ωì‚Ä¶ÊúÄÂêéÁöÑÂ§©‰ΩøËçüËêÉ„ÄÅÁî∑Â£´ÂÄíÂú∞ÔºåÂÄíÊòØËøáÁòæ„ÄÇ‚ÄúÂñúÊ¨¢ÁîµÂΩ±ÁöÑ‰∫∫‰∏çÂàÜÂπ¥ÈæÑ‚Äù
Êó†ËÄª‰∏çÊ∑∑Ëõã,ÁúãËøá,Êé®Ëçê,2019-11-13 11:40:56,171,ÊØè‰∏™Êó∂‰ª£ÔºåÂèØËÉΩÈúÄË¶ÅÁöÑÊòØÈÄÇÂêàÊØè‰∏™Êó∂‰ª£ÁöÑ‚ÄúÈúπÈõ≥Â®áÂ®É‚Äù„ÄÇÈ¢ÑÊúü‰∏çÈ´òÔºåÁúãÂÆåÔºåÁ¨¨‰∏ÄÊó∂Èó¥ÊÉ≥ËØ¥ÁöÑÊòØÔºöÂí¶ÔºåÂ±ÖÁÑ∂ËøòÊå∫Â•ΩÁúãÁöÑÂïä„ÄÇÂπ∂‰∏îÔºåÂèØ‰ª•Ë¥üË¥£‰ªªÁöÑËØ¥ÔºåËøôÊòØ‰∏ÄÈÉ®Êó†ËÆ∫Áî∑Â•≥ËßÇ‰ºóÁúãÂÆåÔºåÈÉΩ‰ºöËßâÂæóÁàΩÁöÑÂ§ßÁàΩÁâá„ÄÇËÄå‰∏îËøô‰∏ÄÈÉ®ÔºåÊúÄËÆ©ÊàëÊÉäÂñúÁöÑÊòØÔºåÂΩ±ÁâáÈô§‰∫ÜÊó∂Â∞ö„ÄÅËΩªÊùæ„ÄÅÂ•ΩÁ¨ë„ÄÅÂ•ΩÁúãÁöÑ‚ÄúÁîüÁêÜÁàΩÊÑü‚Äù‰πãÂ§ñÔºåËøòÈ°∫Â∏¶Âú®ÁªìÂ∞æÈÉ®ÂàÜÔºåËê•ÈÄ†Âá∫‚ÄúÊØè‰∏™Â•≥‰∫∫ÈÉΩÊòØÂ®áÂ®É‚Äù„ÄÅ‚ÄúÈÉΩÊòØÊü•ÁêÜÁöÑÂ§©‰Ωø‚ÄùÁöÑ‚ÄúÂøÉÁêÜÁàΩÊÑü‚Äù„ÄÇ
Ê°ÉÊ°ÉÊûóÊûó,ÁúãËøá,ËøòË°å,2019-11-21 07:56:08,15,Â§ßÊ¶ÇËÉΩÁêÜËß£ËøôÈÉ®ÁîµÂΩ±‰∏∫‰ªÄ‰πàÂè´Êó∂Ë£ÖÂä®‰ΩúÁâá‰∫Ü„ÄÇÂè¶Â§ñÔºåÊú¨‰ª•‰∏∫ÊúÄÂê∏ÂºïÊàëÁöÑÊòØÂ∞èKÔºå‰∏çËøáÁúãËøá‰πãÂêéÂèçËÄåÂØπÂüÉÊãâ¬∑Â∑¥ÊûóÊñØÂç°Âç∞Ë±°ÊúÄÊ∑±Ôºå‰∏Ä‰∏™‰∏™Â≠êÂæàÈ´òÁöÑÈªë‰∫∫ÁæéÂ•≥„ÄÇ
Âå°Âå°,ÁúãËøá,ËøòË°å,2019-11-15 21:24:06,21,Êº´Èïø„ÄÇÈöæÁúã„ÄÇ
ÂæêËã•È£é,ÁúãËøá,Êé®Ëçê,2019-11-14 12:35:35,60,ÊØîÈ¢ÑÊúüÂ•ΩÔºåËßÇÊÑü‚ÄúËΩªÊùæ+ÊÑâÊÇ¶‚ÄùÁöÑÊó∂Â∞öÂä®‰ΩúÂñúÂâßÔºåÁºñÊéí‰∫Ü‰∏çÂ∞ëÊúâË∂£ÁöÑÂú∞Êñπ„ÄÇÁªßÊâøËÄÅÁâàÁ≤æÈ´ìÁöÑÂêåÊó∂ÔºåÂèàÂÅö‰∫ÜÊñ∞Êó∂‰ª£ÁöÑÊñ∞Ë°®Ëææ„ÄÇÂ∞èK„ÄÅÂ®úÂ••Á±≥„ÄÅÂüÉÊãâÔºå‰∏â‰∏™ËßíËâ≤Âú®Â§ñË≤å„ÄÅÊÄßÊ†º‰∫∫ËÆæ‰∏äÈÉΩÊà™ÁÑ∂‰∏çÂêåÔºåÂú®Ë¥üË¥£ÁæéË≤åÁöÑÂêåÊó∂ÂèàÂÖÖÊª°Ê¥ªÂäõ„ÄÇ
sam,ÁúãËøá,Êé®Ëçê,2019-11-12 21:08:07,35,ÊÇ¨ÂøµÂíåÂâßÊÉÖÈÉΩ‰∏≠ËßÑ‰∏≠Áü©Ôºå‰∏çËøáÁúãÂ∞èkÁñØÁãÇÊç¢Ë£ÖÁúüÁöÑËõÆÁàΩÁöÑÔºåËÄå‰∏îÂú®Èù¢Áò´‰πãÂ§ñÂ±ÖÁÑ∂ËøòÊúâÈ¨ºËÑ∏ÂíåÂõõËÇ¢ÂçèË∞ÉÁöÑÁÉ≠ËàûÔºåÂÆåÂÖ®ÊòØ‰ªéÂúüË±ÜÊ≥•‰∏Ä‰∏ãÂ≠ê‰∏äÂçáÂà∞Ë±™ÂçéÂÖ®ÂÆ∂Ê°∂ÂïäÔºÅÂä®‰ΩúÊàè‰∏çÂ§öÊ±ÇÔºå‰ΩÜÂñúÂâßÊÄßÂæàÂº∫ÔºåËôΩÁÑ∂Â§ßÈÉΩÊòØÂçñËêåÂò¥ÁÇÆ„ÄÇ‰∏çËøáÂØπ#ÁâáÂêçÂÆåÂÖ®‰∏çÊÉ≥ÁúãÁ≥ªÂàó#Êù•ËØ¥ÔºåÁúüÁöÑÊòØÂæàÂ•Ω‰∫Ü„ÄÇÁªìÂ∞æÁúãÂæóÂá∫ÊòØÂàªÊÑèÊãîÈ´òÂ•≥ÊÄßÈ´òÂÖâÔºå‰ΩÜÂÖ®ÂëòÂä©Êîª‰πüÂ§™Ë†¢‰∫ÜÂêß„ÄÇ
what'swilliam,ÁúãËøá,ËøòË°å,2019-11-15 20:02:07,24,3Êòü„ÄÇÂçéËÄå‰∏çÂÆûËä±ÈáåËÉ°Âì®„ÄÇ1.ËØ¥Âè•ÊîøÊ≤ª‰∏çÊ≠£Á°ÆÁöÑËØùÔºåÈïøÂèëÁöÑ‚ÄúË¥ùÊãâ‚ÄùÂæàÁæéÂæàÊÄßÊÑüÔºåÁü≠ÂèëÁöÑÂ•πÂÆûÂú®Â§™‚ÄúÊîª‚Äù‰∫ÜÔºåÁï•Êé•ÂèóÊó†ËÉΩ„ÄÇ2.ÂÖ®ÁâáÂæàÂÉèÊàêÈæôÈÄ¢Âπ¥ËøáËäÇÁöÑ6ÂàÜÂïÜ‰∏öË¥∫Â≤ÅÂä®‰ΩúÁâáÔºåÂÖ®ÁêÉÂèØÂì™Âï™Âï™Ëµ∞ÔºåÂ∞±ÂÉèËÇØÂæ∑Âü∫È∫¶ÂΩìÂä≥ÁöÑÊñ∞ÂìÅÔºåÈ¢úÂÄºÁúãÁùÄÊå∫È´òÔºåÂêÉËµ∑Êù•emmm„ÄÇ3.Ëé´ÂêçÂÖ∂Â¶ôÁöÑË∞ÉÊÉÖÔºåÂ•≥‰∏ªËé´ÂêçÂÖ∂Â¶ôÁöÑÊàêÈïøÔºåËÆ°ÂàíÈÉΩËé´ÂêçÂÖ∂Â¶ôÁöÑÂÑøÊàèÔºåËøòÊúâËé´ÂêçÂÖ∂Â¶ôÁöÑÂ•≥ÊùÉÔºåÂèçËΩ¨‰πüÂæàÊó†ËÅä„ÄÇ4.ËØ¥Âà∞Â•≥ÊùÄÊâãËøòÊòØÊó•Â∏∏ÊÉ≥ÂøµÂàòÁéâÁé≤ÂíåMaggie Q„ÄÇ5.Áî∑ÈÖçÈÉΩÊòØÁÜüËÑ∏ÔºåÊñ∞ÁâàÊúâËá¥Êï¨ËÄÅÁâàÁöÑÊÆµËêΩÔºåÊàëÂ•ΩÂÉèÁúºËä±‰∫ÜÔºåÊúÄÂêéÁúãÂà∞‰∫ÜÈªõÁ±≥Êë©Â∞îÔºü6.Donna SummerÁöÑdiscoÂæàÂ•ΩÂê¨„ÄÇ
ÂáåÁùø,ÁúãËøá,ËæÉÂ∑Æ,2019-11-15 17:26:19,309,"ÂØºÊºîÊòØ‰∏çÊòØ‰ª•‰∏∫Â•≥ÊÄßËã±ÈõÑÊâìË¥•Áî∑ÊÄßÂèçÊ¥æÂ∞±ÊòØÂ•≥ÊùÉÁîµÂΩ±Ôºü‰Ω†ÊòØ‰∏çÊòØÂØπÂ•≥ÊùÉÊúâ‰ªÄ‰πàËØØËß£Ôºü
Â•≥ÊùÉÊòØÂãáÊï¢Ë°®Ëææ‰Ω†ÁöÑËßÇÁÇπÔºåËÄå‰∏çÊòØÂ±àÊúç‰∫éÈ¢ÜÂØºÁöÑÂëΩ‰ª§„ÄÇ
ÊòØÂÜÖÂú®ÁöÑËá™‰ø°ÂíåËßâÈÜíÔºåËÄå‰∏çÊòØÁÆÄÂçïÁöÑÊâì‰∏™Êû∂„ÄÅÊùÄ‰∏™‰∫∫„ÄÇ
‰ªçÁÑ∂ÊòØËÄÅÊéâÁâôÁöÑ‚ÄúÊäìÂÜÖÈ¨º‚ÄùÁöÑÂâßÊÉÖÔºåËÄå‰∏îËøòÂíå„ÄäÈªëË°£‰∫∫ÔºöÂÖ®ÁêÉËøΩÁºâ„ÄãÊíûÂâßÊÉÖ‰∫ÜÔºåÂàöÂºÄÂßã‰ª•‰∏∫AÊòØÂÜÖÈ¨ºÔºåÂêéÊù•ÊâçÂèëÁé∞BÊâçÊòØÂÜÖÈ¨ºÔºåÊ≤°Êúâ‰ªª‰ΩïÊñ∞ÊÑè„ÄÇ
Á¨ëÁÇπ‰πüÂæàÂ∞¥Â∞¨ÔºåÂæàÂ§öÂú∞Êñπ‰Ω†Áü•ÈÅìÊòØÁ¨ëÁÇπÔºå‰ΩÜÊòØÂπ∂‰∏çÂ•ΩÁ¨ëÔºåÁúãÂæóÂ∞¥Â∞¨ÁóáÂèë‰Ωú„ÄÇ
Â§ßBOSS‰π∞‚ÄúÂÖãÈáåÊñØÊâò‚ÄùÊòØ‰∏∫‰∫ÜÊùÄ‰∫∫‰∫éÊó†ÂΩ¢ÔºåÂèØÈóÆÈ¢òÊòØÔºå‰∏∫‰∫ÜÂæóÂà∞ÂÖãÈáåÊñØÊâò‰ªñÂâçÂâçÂêéÂêéÊùÄ‰∫ÜÂæàÂ§ö‰∫∫ÔºåËÄå‰∏îËøòÊ≤°ÊúâÈÅ≠Âà∞Ë≠¶ÊñπÈÄöÁºâÔºåÊ≤°Êúâ‰ªª‰Ωï‰∫∫ÁÆ°‰ªñ„ÄÇ
Êó¢ÁÑ∂‰ªñÊùÄ‰∫Ü‰∫∫‰∏ç‰ºöÊúâ‰ªª‰ΩïÂêéÊûúÔºåÂèà‰ΩïÂøÖÂ§ßË¥πÂë®Á´†Âéª‰π∞ÂÖãÈáåÊñØÊâò„ÄÅÈÄºËø´Â•≥‰∏ªËßíÊääÊúÄÈ´òÊùÉÈôêÊîπÊàê‰ªñÔºü‰ªñÁõ¥Êé•Áî®Êû™ÊîØÂºπËçØÊùÄ‰∫∫‰∏çÊòØÊõ¥Êñπ‰æøÂêóÔºü"
OCT IO‚âØ,ÁúãËøá,ËøòË°å,2019-11-16 16:39:12,14,Â§™Â•óË∑Ø‰∫ÜÔºåÊâìÊàèÊ≤°ÁÅµÈ≠ÇÔºå‰∏∫‰∫ÜÂº∫Ë°åÂà∂ÈÄ†ÂèçËΩ¨ËøûÂü∫Êú¨ÈÄªËæëÈÉΩ‰∏çË¶ÅÔºåÂÖ≥ÈîÆÊèêÂâçÊ≥Ñ‰∫ÜÊ∞î(**ÂâçÊñπÂâßÈÄèËá™Âä®Èó™ÈÅø**Ëá™ÁºñËá™ÂØºËá™ÊºîÁöÑÂ§ßÂ•≥‰∏ªÊÄé‰πàÂèØËÉΩÊòØÂùè‰∫∫ÂòõÔºåÂê¶ÂàôÊÄé‰πàÊâõÂ•≥ÊùÉÂ§ßÊóó‚Ä¶‚Ä¶Áªô‰∏ÄÈó™ËÄåËøáÁöÑËÄÅÁâàÂΩ©ËõãÂ§öÂä†‰∏ÄÊòü‚Ä¶‚Ä¶
È£û‰æ†ÂºèÊãºÊêè,ÁúãËøá,ËæÉÂ∑Æ,2019-11-15 00:00:45,172,"1.Ëøô‰∏çÁÆó‰ªÄ‰πàÁúüÈ¶ôÂ®áÂ®ÉÔºåËøôÊòØÊâëË°óÂ®áÂ®ÉÂêß„ÄÇ
2.ËÄÅÁâà‰∏§ÈÉ®ÊúÄÁªàÂèçÊ¥æÈÉΩÊòØÂá∫Ëá™‚ÄúÊú¨Êñπ‰∫∫Âëò‚ÄùÔºåÊñ∞Áâà„ÄäÈúπÈõ≥Â®áÂ®É„Äã‰æùÊóßÂª∂Áª≠ÁùÄËøô‰∏ÄÁÇπ„ÄÇ
3.Âä®‰ΩúÊàèÂãâÂãâÂº∫Âº∫ÔºåËäÇÂ•èÂÅèÊÖ¢„ÄÇÊÄª‰Ωì‰∏äÊ≤°Âï•Â§öÂ§ß‰∫ÆÁÇπÔºåËøòÁªô‰∫∫Âæà‰π±ÁöÑÊÑüËßâ„ÄÇ
4.Èô§‰∫ÜÁúãÁúãÁæéÂ•≥ÔºåÂê¨Âê¨Ê≠åÔºåÁÑ∂Âêé‚Ä¶‚Ä¶ÁÑ∂ÂêéÂ∞±Ê≤°Âï•‰∫Ü„ÄÇ
5.‚ÄúËøàÂÖãÂ∞î¬∑Âü∫È°øÊòØËùôËù†‰æ†ÔºåÊú¨¬∑ÈòøÂºóËé±ÂÖãÊòØËùôËù†‰æ†‚Äù„ÄÇ‰∏ç‰∏ç‰∏ç‚ÄúÊöÆÂÖâÂ•≥‚ÄùÂ∞èKÔºå‰Ω†ÂâçÁî∑ÂèãÂÖº‚ÄúÂê∏Ë°ÄÈ¨º‚ÄùÁΩó‰ºØÁâπ¬∑Â∏ï‰∏ÅÊ£ÆÊâçÊòØ„ÄÇ"
Âü∫ÁëûÂ∞î,ÁúãËøá,Êé®Ëçê,2019-11-15 19:57:08,10,‰ªäÂπ¥Êúâ‰∏§‰ΩçÈáçË¶ÅÁöÑÂïÜ‰∏öÁâáÂ•≥ÂØºÊºî‰∫ÆÁõ∏ÔºöOlivia Wilde‰πã‰∫éËá™Â∑±ÁöÑÈ¶ñÁßÄ„ÄäÈ´òÊùêÁîü„ÄãÔºåËøòÊúâ‰∏Ä‰ΩçÊòØ„ÄäÂÆåÁæéÈü≥Ë∞É„ÄãÁ≥ªÂàóÂêéÂä™ÂäõËøõÊ≠•ÁöÑElizabethÔºàÊòéÊòæ‰∏éÂê¶ÂÖà‰∏çËÆ®ËÆ∫Ôºâ„ÄÇÈáçÂêØÁÜüÁü•IPÁöÑÂéãÂäõÂæàÂ§ßÔºå‰ΩÜÂç¥Âú®‰∫éÂΩìÊó∂‰∫ãËØ≠Â¢ÉÂèëÁîüÊîπÂèòÂêéÔºåÂ∞ÜÊóßÊúâÊïÖ‰∫ãÊ≥®ÂÖ•Êñ∞ÁöÑËÉΩÈáèÂíåÊ≥®Ëß£‚ÄîÊó†ËÆ∫ÊòØÊúâÊïàÁöÑÂíåÊ≤°ÊïàÁöÑ„ÄÇÊúâÊïàÂú®‰∫é‰∏ÄÂ¶ÇÊó¢ÂæÄÁî®Êó∂Ë£ÖÂíåÁÉ≠ÈóπÊãºÂáëÔºåÁªÑÊàê‰∫ÜËá≥Â∞ëÂíå„ÄäÁûíÂ§©ËøáÊµ∑: Áæé‰∫∫ËÆ°„ÄãÂ∑Æ‰∏çÂ§öÁöÑÂèØÁúãÊïàÊûúÔºõËÄå‰∏â‰ΩçÊñ∞ÁöÑÂ•≥‰∏ª‰æùÁÑ∂ÊòØÈùûÂ∏∏ÂÖ∑Êúâ‰∏™ÊÄßÁöÑÈÄâÊã©ÔºåÂ∞§ÂÖ∂ÊòØNaomi ScottÁúüÁöÑË∂ÖÁ∫ßÂèØÁà±„ÄÇ‰ΩÜÊó†ÊïàÂú®‰∫éÁâá‰∏≠ÂÖÖÊñ•ÁùÄÊµÆ‰∫éË°®Èù¢ÁöÑÂ•≥ÊÄß‰∏ª‰πâËÆ®ËÆ∫ÔºåÂç¥‰∏çÂèäÂéüÁâàËá™ÁÑ∂Êï£ÂèëÁöÑ‚ÄúGirl Power‚ÄùÊ∞îÊÅØ„ÄÇ‰∏çËøáÁâáÂ≠êÂ•ΩÁé©ÁöÑÂΩ©ËõãÂíåÂÆ¢‰∏≤ÁúüÂøÉÂ§™Â§ö‰∫ÜÔºåËøòÊòØÂ∏åÊúõElizabethÁªßÁª≠Âä†Ê≤πÂïä„ÄÇ
Jules,ÁúãËøá,ÂæàÂ∑Æ,2019-11-15 10:31:14,138,Áúã‰∫ÜÂçÅÂàÜÈíüÔºåÊü•‰∫Ü‰∏Ä‰∏ãÂØºÊºîÂíåÊºîÂëòÈÉΩÊòØË∞ÅÔºåÊí§‰∫Ü„ÄÇ‰∏ÄËÇ°ÂÑøÁ´•ÁâáÁöÑÊ¨¢‰πêÁÉ≠ÈóπÊí©È™öÂë≥ÔºåÈü≥‰πêËµ∂ÂÆ¢Á∫ßÂà´ÁöÑÈöæÂê¨„ÄÇ
ÂîêÂ∞è‰∏á,ÁúãËøá,ËøòË°å,2019-11-15 19:55:38,6,‰∏çÁÆóÈöæÁúãÔºåElla BalinskaÁæé
SmileÈì≠_,ÁúãËøá,ËæÉÂ∑Æ,2019-11-15 01:24:57,149,Á´üÁÑ∂ÊòØÁÉÇÁâáÊ∞îË¥®‚Ä¶‚Ä¶ÈúπÈõ≥Â®áÂ®ÉÊú¨Êù•ÊúÄÂ§ßÁöÑÈ≠ÖÂäõÂ∞±ÊòØÁâπÂ∑•Ë°åÂä®‰∏≠ËÆ≤Â•≥‰∫∫ÁöÑ‰ºòÂäøÊîæÂà∞ÊúÄÂ§ßÂåñÔºåËøôÈÉ®Èô§‰∫ÜÁ¨¨‰∏ÄÂú∫ÊàèÁöÑËâ≤ËØ±ÊúâÁÇπÈúπÈõ≥ÁöÑÊÑèÊÄùÔºåÂÖ∂‰ªñÁöÑË°åÂä®Á∫øÂÖ∂ÂÆûÊç¢ÊàêÁî∑ÁöÑ‰πüÂ∑Æ‰∏çÂ§öÔºåÊï¥‰ΩìÁªìÊûÑÊääÊè°ÁöÑ‰∏çÂ•ΩÔºåÁº∫‰πèÁÅµÊ∞îÁöÑÊâìÊñóÂè™ËÉΩÁúãÁùÄÊõ¥ÂÉèbÁ∫ßÁâáÁöÑÊ∞îË¥®
ËçîÊûùË∂Ö‰∫∫,ÁúãËøá,ËæÉÂ∑Æ,2019-11-15 19:24:51,156,ÂòøÔºåÈÜíÈÜíÔºåÂßêÂßê‰ª¨ÔºåËøô‰∏™‰∏ñÁïå‰∏äËøòÊòØÊúâÂ∞ëÊï∞Êô∫ÂïÜË∂ÖËøá80ÁöÑÁî∑‰∫∫ÁöÑ„ÄÇ
ÊâòÂ∞º¬∑ÁéãÂ§ßÊãø,ÁúãËøá,ËæÉÂ∑Æ,2019-11-15 20:17:07,108,Êó¢ÁÑ∂Êüê‰∫õÁîµÂΩ±ÈáåÂèØ‰ª•ÊääÂ•≥ÊÄßÊèèÂÜôÊàêËÉ∏Â§ßÊó†ËÑëÁöÑÈÅìÂÖ∑ÔºåÈÇ£ËøôÈÉ®ÁîµÂΩ±‰πüÂèØ‰ª•ÊääÁî∑ÊÄßÊèèÂÜôÊàêËÉ∏‰∏çÂ§ß‰πüÊó†ËÑëÁöÑÈÅìÂÖ∑ÔºåFeminismÂíåÊâÄÊúâÁöÑ-ism‰∏ÄÊ†∑‰∏çËøáÂ∞±ÊòØÈó®ÁîüÊÑè‰πà„ÄÇÂè¶Â§ñÊüêË£πÂπøÂëäÁúüÁ°¨ÔºåÁ°åÁâô„ÄÇ
Â§ßÊ≠¶Â¶á,ÁúãËøá,ËøòË°å,2019-11-15 19:52:10,16,Ëøô‰∏™È¢òÊùê.....Ëøô‰∏™ÂπïÂêé........ÁúãÂà∞‰∫ÜÁ¨¨‰∏ÄÊ≥¢Áâ©Êñô‰πãÂêé.....Â∞±Â∑≤ÁªèÊ≤°Êä•‰ªÄ‰πàÂ∏åÊúõ‰∫ÜÔºåksËøòÊòØÂéªÊãçÊñáËâ∫ÁâáÂêßÔºåËøôÁßçÁÉÇÂïÜ‰∏öÁâáÁÆÄÁõ¥ÊòØÂú®ÂéãÊ¶®‰Ω†ÁöÑÂÖâËäí
Ë∞¢Ë∞¢‰Ω†‰ª¨ÁöÑÈ±º,ÁúãËøá,ËæÉÂ∑Æ,2019-11-15 21:14:21,24,ÁúüÁöÑÂæàÊó†ËÅäÔºå‰ΩÜÊòØÂèàÁ®çÂæÆÊúâ‰∏ÄÁÇπÁÇπ‰πêË∂£ÔºåÂ∫îËØ•ÊòØËøô‰∫õÂπ¥Âà∞Áé∞Âú®ÊúÄÊ≤°ÊúâÂ∫ïÊ∞îÁöÑÈáçÂêØÁâá‰∫ÜÂêßÔºå4800Áé©ÂæóÈ¢ÑÁÆóÂ∞±ÊòØ‰∏Ä‰∏™‰∏≠‰ΩéÊàêÊú¨ÔºåÊºîÂëòÊê≠ÈÖç‰πüÊØ´Êó†ÁÅ´Ëä±ÔºåÂπ≥Ê∑°Â¶ÇÊ∞¥ÁöÑÂèô‰∫ãÊÄªËßâÂæóÂú®ÁúãÁîµËßÜÂâßÔºåÂÖ∂ÂÆûÊúâÂæàÂ§öÂæàÂÄºÂæóÂ±ïÂºÄÁöÑËÆæÂÆöÔºåÊúÄÂêéËøòÊòØÈô∑ÂÖ•‰∫ÜÂ±±ÂØ®„ÄäÁ¢ü‰∏≠Ë∞ç1„ÄãÁöÑÊÄ™ÂúàÂΩì‰∏≠Ôºå‰∏∫ÂèçËΩ¨ËÄåÂèçËΩ¨„ÄÇÊï¥ÈÉ®ÁîµÂΩ±ÊñáÊàèÂ∞öÊúâ‰∏ÄÁßçÂ∞¥Â∞¨ÁöÑË∂£Âë≥‰ΩÜÊòØÂä®‰ΩúÊàèÂàô‰∏ÄÂ°åÁ≥äÊ∂ÇÔºå‰ºä‰∏ΩËééÁôΩÁè≠ÂÖãÊñØÊãçÊãç„ÄäÂÆåÁæéÈü≥Ë∞É„ÄãÊå∫Â•ΩÔºåÊï¥Âä®‰ΩúÁâáÁúüÁöÑÊòØ‰∏çÁÅµÂÖâÔºåÂæàÂ§öÂú∫ÊàèÊêûÂæóÂÉèGUCCIÊàñËÄÖLVÂπøÂëä‰πüÊòØÂ§üÂ§üÁöÑ‰∫Ü„ÄÇPSÔºöÁ∫≥Â••Á±≥ËøòÊòØË∂ÖÁæéÁöÑÔºå‰∏çËøáÂ∞èKÁöÑËßíËâ≤ÊòéÊòæËÆ©ÂáØÁâπ¬∑È∫¶ÂÖãÈáëÂÜúÊºîÊõ¥ÂêàÈÄÇ„ÄÇ
Âì¶Ë±ÅÂÆåËõãÔºÅ,ÁúãËøá,ËæÉÂ∑Æ,2019-11-15 09:08:17,38,Âí±‰ª¨ÊòØ‰∏∫‰∫ÜÂéªÂê¨ÊâìÈõ∑ÂßêÂî±Ê≠åÂìáÔºÅÔºÅÔºÅ‰∏çÂ¶ÇËÆ©„ÄäÂà´Âè´ÊàëÊù®È¢ñ„ÄãÁöÑ‰∏âÂßêÂ¶π‚Äî‚ÄîAÂ¶π„ÄÅÈ∫¶Á≤íÂíåÈõ∑Â•≥Â£´Êù•ÊºîÔºüÁ•®Êàø‰ºöÁàÜ(ÁãóÂ§¥)
Ê∞¥Êµí‰∏âÂõΩÈáëÂàö,ÁúãËøá,ËæÉÂ∑Æ,2019-11-15 14:32:10,23,Êü•ÁêÜÁöÑÊîøÊ≤ªÊ≠£Á°ÆÂ§©‰Ωø
Êú®Âç´‰∫å,ÁúãËøá,ËæÉÂ∑Æ,2019-11-15 22:22:30,27,ÊØîÂúüÂë≥Êµ∑Êä•Â•Ω‰∏Ä‰∫õÔºåÂõ†‰∏∫ÔºåÂ•π‰ª¨Â±ÖÁÑ∂‰ºöÂä®
Êó∂Èó¥‰πãËë¨,ÁúãËøá,Êé®Ëçê,2019-11-15 13:18:32,13,Â§ßÊ¶ÇÂèØ‰ª•ÁÆóÊú¨ÊúàÊúÄ‚ÄúÂ•ΩÁúã‚ÄùÁöÑÁîµÂΩ±Ôºå‰ªéÊºîÂëò„ÄÅÊúçÈ•∞Âà∞Âä®‰ΩúÂú∫ÊôØÔºåÂêÑÁßçÊÑè‰πâ‰∏äÁöÑÂÖªÁúº„ÄÇÂú®ÂéüÁâàÂ•≥ÊÄßÂä®‰ΩúÁâáÁöÑÂü∫Á°Ä‰∏äÔºåÊääÂéüÊù•Ê±§Ê£ÆÂæ∑‰∫ãÂä°ÊâÄÁöÑ‰∏ñÁïåËßÇËøõË°å‰∫ÜÂçáÁ∫ßÂíåÊãìÂ±ïÔºåÊãçÊàê‰∫Ü‰∏ÄÈÉ®ËäÇÂ•èÁ¥ßÂáëÊÇ¨ÂøµË∑åÁîüÁöÑÊñ∞ÂºèË∞çÊàòÁâá„ÄÇÂêåÊó∂ËøòÂÖÖÂàÜÂèëÊå•‰∫ÜÂØºÊºî‰ºä‰∏ΩËééÁôΩ¬∑Áè≠ÂÖãÊñØÁöÑÂñúÂâßÂ§©ËµãÔºåÂêÑÁßçÈ´òÁ∫ßÊ¢óÂíåÂÜ∑ÂπΩÈªòÊ∫úÂæó‰∏çË°åÔºåÂÖ®Á®ãËΩªÊùæÁïÖÂø´„ÄÇËôΩÁÑ∂‰∏çÊòØÂ•≥ÁîüÔºå‰ΩÜÊàëÁåúÂ∫îËØ•Ê≤°ÊúâÂ•≥Áîü‰∏çÂñúÊ¨¢ÁúãËøôÁßçÁîµÂΩ±Âêß„ÄÇ
KK Green,ÁúãËøá,ËæÉÂ∑Æ,2019-11-15 12:21:59,16,ÊâÄÊúâÊÉÖËäÇÂíå‰∫∫Áâ©Âä®ÊÄÅÈÉΩÂÖÖÊñ•ÁùÄ‰∏ä‰∏ñÁ∫™ËÄÅÊ¢óÔºå‰∏çÁ∫ØÁ≤π‰∏çÊêûÁ¨ë‰∏çÂà∫ÊøÄÁöÑ‰∏çÂêàÊ†ºBÁ∫ßÁâáÔºå‰∏çÂÄºÂæóÂéªÁîµÂΩ±Èô¢ÁúãÁöÑËÇ•ÁöÇÂâßÔºåÂêÑÁßçËá¥Êï¨ÊÄÄÊóßÂè™‰ºöËÆ©ÊàëÊõ¥Âä†Áü•ÈÅìÂàòÁéâÁé≤„ÄÅÂç°Ê¢ÖÈöÜËø™‰∫öÂÖπ„ÄÅÂæ∑È≤ÅÂ∑¥ÈáåÊë©Â∞îÊúâÂ§öÁæéÂ§öÂ•ΩÔºåÂΩìÂπ¥ËÉΩÂ§ßÁ∫¢‰∏çÊòØÊ≤°ÈÅìÁêÜÁöÑ„ÄÇËØùËØ¥Âπ¥ËΩªÊºîÂëòÊºîÊäÄÂ∑ÆÁúãÊù•‰∏çÂè™ÊòØÂõΩÂÜÖÁé∞Áä∂ÔºåÂÖ®ÁêÉÈÉΩ‰∏ÄÊ†∑Ôºå‰∏ÄËÇ°Â≠êÊàëÁâπÂà´Âä™Âäõ‰ΩÜÂ∞±ÊòØÂÖ•‰∏ç‰∫ÜÊàèÊàëËÉΩÂíãÊ†∑ÁöÑÂç≥ËßÜÊÑü„ÄÇ‰ºä‰∏ΩËééÁôΩÁè≠ÂÖãÊñØËøòÊòØÁºñÂØº‰∏Ä‰ΩìÔºåËØ¥ÁúüÁöÑÂ§ßÁæéÂ•≥ÂëÄÂà´‰∏∫ÈöæËá™Â∑±ÂíåËßÇ‰ºó‰∫Ü‰∏çÂ•Ω‰πàÔºÅ
Áú†Âéª,ÁúãËøá,ËøòË°å,2019-11-16 15:43:26,9,ËΩªÊùæÊÑâÊÇ¶Â∞±Â§ü‰∫ÜÔºåËøòÊåáÊúõÁúãÂá∫‰ªÄ‰πàÊ∑±ÂàªÁúüÁêÜÂêó
Mathilda,ÁúãËøá,Êé®Ëçê,2019-11-17 16:59:35,9,üÜòÊêÖÂß¨ÁâáÊàëÂ§™ÂèØ‰∫ÜÔºåÂÆ¢‰∏≤‰πüÂ•ΩÂ§öÔºåÊÄª‰πãËä±ÈáåËÉ°Âì®ÔºåÊ∑±ÂæóÊàëÂøÉüó£
ÂÆâÈùôÁñØ-ÂªñÂ∞èÊú¨,ÁúãËøá,ÂäõËçê,2019-11-15 22:26:48,36,ÂÖ∂ÂÆûÊÑüËßâÂæàÂ•ΩÁúãÂïä„ÄÇ‰∏çÁü•ÈÅìÂàÜÊï∞‰∏∫‰ªÄ‰πàËøô‰πà‰ΩéÔºåÈöæÈÅìÊòØÁî∑‰∫∫ÊâìÁöÑÂàÜÔºüÊï¥ÈÉ®ÁîµÂΩ±Â∞±ÊòØÊÄÄÁñëÊÄÄÁñëÊÄÄÁñë‚Ä¶‚Ä¶Âà∫ÊøÄ
ÊñáÊ£ÆÁâπ‰πùÂÖ≠,ÁúãËøá,ÂæàÂ∑Æ,2019-11-15 20:36:23,112,Ë†¢Âà∞‰ª§‰∫∫‰ΩúÂëï
ÂùÇÂè£ÂÅ•Â§ßÈÉé,ÁúãËøá,ËæÉÂ∑Æ,2019-11-15 19:34:22,20,Âä®‰ΩúËßÇÂÖâÁâáÁöÑÂèäÊ†ºÁ∫øÈÉΩ‰∏çÂà∞ÔºåËµÑÊú¨Âè™ÊÉ≥ÊÅ∞Â•≥ÊùÉÈí±ÔºåËá™‰ª•‰∏∫‰ªÄ‰πàÈÉΩÁªô‰∫ÜÔºå‰ΩÜËßÇ‰ºóÂèà‰∏çÂÇª„ÄÇ„ÄÇ„ÄÇ
Ê≤ôÂº•,ÁúãËøá,ËæÉÂ∑Æ,2019-11-13 14:57:31,23,Á°¨Ë¶ÅÊåë‰∫ÆÁÇπÁöÑËØùÊàëËßâÂæóÂüÉÊãâ¬∑Â∑¥ÊûóÊñØÂç°ÊØîÂ∞èKÊõ¥ÂèØ
ÂáπÂá∏,ÁúãËøá,ËæÉÂ∑Æ,2019-11-15 22:21:17,11,Â∞ΩÁÆ°Â§ßËçßÂπïÁúãÁò´Áò´ÁöÑÈ¢úÂ∞±Â∑≤ÁªèÂÄºÂõûÁ•®‰ª∑ ËøòÊòØ‰∏çËÉΩÊîπÂèòËøôÊòØ‰∏ÄÈÉ®ÂÑøÁ´•ÁâáÁöÑ‰∫ãÂÆû
ÂíÜÂìÆÁöÑÂ∞èÊ∏ÖÊñ∞__,ÁúãËøá,ËæÉÂ∑Æ,2019-11-13 22:43:19,14,"‰∏â‰ΩçÂ§ßÁæéÂ•≥ÁöÑÂèòË£ÖÂ§ßÁßÄ+Ë¥®Èáè‰∏çÈîôÁöÑÂéüÂ£∞Â∏¶ÊèíÊõ≤+ÂÖ®ÁêÉÂêÑÂ§ßËëóÂêçÂüéÂ∏ÇÈ£éÂÖâÊëÑÂΩ±+Â•ΩËé±ÂùûÊµÅÊ∞¥Á∫øÂºèÂâßÊÉÖ= ËøôÈÉ®ÂÄü‰∫Ü‚ÄúÈúπÈõ≥Â®áÂ®É‚ÄùÁöÑIPÔºåÂ•ó‰∫ÜÁâπÂ∑•Â£≥ÁöÑÁæéÂºèÂ∞èÂ¶ûÂä®‰ΩúÁâá„ÄÇ
Á†çÊéâ‰∫ÜÂàòÁéâÁé≤‰ª£Ë°®ÁöÑ‰∫öË£îËßíËâ≤ÔºåÂä†ÂÖ•‰∫ÜÈªë‰∫∫Â•≥ÊòüÔºåÁªô‰∫àÁöÑË°•ÂÅøÊòØÔºåÊîæ‰∏äÊúâÂàòÁéâÁé≤ÁöÑÂâç‰ΩúÊóßÁÖßÔºå‰ª•‰∏∫Âì™ËæπÈÉΩ‰∏çÂæóÁΩ™ÔºåÊàëÂè™ËÉΩËØ¥‚ÄúWell,Nice try‚ÄùÔΩû
Èü≥‰πêÊèíÊõ≤Êàê‰∫ÜÊé©È•∞ÂΩ±ÁâáËäÇÂ•è‰∏çË°åÁöÑÂ≠òÂú®„ÄÇÂ•ΩÂê¨ÊòØÂ•ΩÂê¨‰ΩÜÊúâÂá†ÊÆµÊèíÂÖ•ÁöÑ‰∏çÊòØÂæàÂêàÊó∂ÂÆú„ÄÇÂéüÊú¨ÁöÑ‰∏â‰∏™Â®áÂ®É‰πüË¢´ËÆæÂÆöÊàê‰∫Ü2.5‰∏™ÔºåÂõ†‰∏∫Êúâ‰∏Ä‰∏™Êàê‰∫Ü‰ªéÂ§¥Âà∞Â∞æÈÉΩ‰∏çËÉΩÊâìËÄåÂè™‰∏∫‰∫ÜÂà∂ÈÄ†ÊÄßÊ†ºÂÜ≤Á™ÅÁ¨ëÁÇπÁöÑPretty NerdËÆæÂÆö„ÄÇ
ÂÖ≥‰∫é‚ÄúË∞ÅÊòØÂèçÊ¥æ‚ÄùÁöÑÂ∞èÂ∞èÂèçËΩ¨‰πüÁúãÂæóÊàëÊúâÁÇπÊÉ≥ÁøªÁôΩÁúºÔºåÊúÄÈ™öÁöÑÊòØÁúãÂà∞ÊúÄÂêéÊâçÂèëÁé∞È¢ÑÂëäÁâáÈáåÂ±ÖÁÑ∂Ââ™Ëøõ‰∫Ü‰∏çÂ∞ëÁâáÂ∞æÂΩ©ËõãÈáåÁöÑÈïúÂ§¥ÔºåÈ¢ÑÂëäÁâáÊúâ‰∫õÊ≠£ÁâáÊ≤°ÊúâÁöÑËø∑ÊÉëÈïúÂ§¥‰∏çÁ®ÄÂ•áÔºå‰ΩÜËøô‰∏™Â∞±ÁúüÁöÑÈ™ö‰∫Ü„ÄÇ‰∏§ÊòüÂçäÔºåÂéüÁâà6.8ÂàÜÁöÑËØùÔºåËøôÁâàÂ∞±5.5ÊàñËÄÖÂæÄ‰∏ãÂêß"
Á™ÅÁÑ∂Á≤âÁ¢é,ÁúãËøá,ËæÉÂ∑Æ,2019-11-15 22:04:07,8,ÁîúÂßêÂÑøÂèòÈìÅTÔºåÊÄé‰πàÁúãÈÉΩÂá∫Êàè‚Ä¶Ëøô‰∏çÊòØÈúπÈõ≥Â®áÂ®ÉÔºåËøôÊòØÊã≥ÊâìËÄÅÁôΩÁî∑„ÄÅËÑöË∏¢ËçâÂåÖËÄÅÊùøÁöÑÂ•≥ÊàòÁãºÔºåÊàëK‰∏∫ËØÅÊòéËá™Â∑±‰∏çÊòØÈù¢Áò´ÁñØÁãÇÊå§ÁúâÂºÑÁúºÔºåÂøÉÁñºÂíåemmm‰∏çÁü•ËØ•ËØ¥ÈÇ£Âè•Â•Ω‚Ä¶
Â≤¨,ÁúãËøá,ËøòË°å,2019-11-19 17:33:52,6,Kristen Stewart Áé©ÂæóÁóõÂø´Â∞ΩÂÖ¥ÂêåÊó∂ÊØ´Êó†ËäÇÂà∂Âú∞Êï£ÂèëÈ≠ÖÂäõ„ÄÇ
Â∞èÂ±±ÁîüÊ°ÇÊûù,ÁúãËøá,Êé®Ëçê,2019-11-15 21:13:41,7,ÂÖ®Â•≥Áè≠ÁöÑÂ§ßÁàΩÁâáÔºåÂêÑÁßçÈ£íÁàΩÔºåÁúãÂæó‰∫∫ÂøÉÊó∑Á•ûÊÄ°„ÄÇÊàëËøòÁúã‰∫ÜimaxÔºåÂÖªÁúº„ÄÇÊúâ‰∏ÄÂπïÊòØÂ•≥‰∏ªËßí‰πã‰∏ÄË∫∫Âú®Âú∞‰∏äÔºåÂë®Âõ¥‰∏ÄÂúàÁî∑ÁöÑÂõ¥ËøáÊù•ÔºåÊàëË¢´ÂêìÂà∞‰∫ÜÔºåÁ™íÊÅØÁöÑÊÅêÊÉßÊÑü„ÄÇÂΩìÁÑ∂‰∏ã‰∏ÄÁßíÂ∞±ÂÆâÂøÉ‰∫ÜÔºåÂõ†‰∏∫‰∏çÊòØÂè™Êúâ‰∏Ä‰∏™Â•πÂú®ÊàòÊñóÔºåÂßêÂßêÂ¶πÂ¶πÁ´ôËµ∑Êù•„ÄÇÁâáÂ∞æÁöÑÈïúÂ§¥‰πüÂæàÂñúÊ¨¢ÔºåÂ•≥ÊÄßÂäõÈáèÁöÑ‰º†ÈÄíÔºåËøô‰∏™ÈÉ®ÂàÜÊúâÂè•Âè∞ËØçÁâπÂà´Â•ΩÔºå‰ΩÜÊàëÊ≤°ËÆ∞‰Ωè„ÄÇ‰ª•ÂêéÁΩë‰∏äËÉΩÁúã‰∫ÜË¶ÅÂÜçÊâæÊâæ„ÄÇ
ÁªôËâæÂæ∑ÊûóÁöÑËØó,ÁúãËøá,ÂæàÂ∑Æ,2020-02-28 17:13:50,4,ËØöÊÅ≥ÁÇπÂêß„ÄÇÂ∞èKÊòéÊòæÊºî‰∏ç‰∫ÜÈÄóÊØîÔºåÂèàÊâìÊàèÊçâÊÄ•ÔºåÂ®úÂ••Á±≥‰∏ÄËÑ∏ÂÖ¨‰∏ªÁõ∏‰πüÂè™ÈÄÇÂêàËø™ÂÆùÂÆùÁöÑÂπ¥‰ª£ÊàèÔºåÂæàÂ§öÂéüÊù•ËÉΩË¢´ÊåáË¥£‰∏∫Ê∂àË¥πÂ•≥ÊÄßÁâπË¥®ÁöÑÊ°•ÊÆµÔºå‰ªäÊó•ËØ≠Â¢É‰∏ã‰ø®ÁÑ∂‰∏ÄËÇ°‚ÄúÊàëÁã¨Á´ãÔºåÊàëÈÄâÊã©‚ÄùÁöÑÁ¢ëÂùäÊ∞îÊÅØÔºåËá≥‰∫éÊÉÖËäÇÂü∫Êú¨ÂéüÊ†∑copyËÄÅÁâàÔºå‰ΩÜ‰æÆËæ±ËßÇ‰ºóÊô∫ÂïÜÁöÑÊâãÊÆµÂç¥Êõ¥‰ΩéÂä£‰∫Ü„ÄÇË°∑ÂøÉÊúüÂæÖÂú®Ê≠£Á°ÆÊó∂‰ª£ÊΩÆÊµÅ‰∏ãÔºåËøôÁßçËπ≠Âè£Âè∑ÁöÑÂûÉÂúæÊîπÁºñËÉΩÊó©Êó•Ë¢´ÂÜ≤Âà∞ÂéÜÂè≤ÁöÑÈ©¨Ê°∂Èáå„ÄÇ
‰∫µÊ∏éÁîµÂΩ±,ÁúãËøá,ÂæàÂ∑Æ,2019-11-16 21:20:51,62,ÊãçËøôÁßçÂïÜ‰∏öÂä®‰ΩúÁâáÂ∑≤ÁªèÂÆåÂÖ®Ë∂ÖÂá∫‰∫ÜÂØºÊºîÁöÑËÉΩÂäõÔºåÁúüÁöÑÂ∞±ÊòØÊØ´Êó†ÊâçÂçéÁöÑÊääÊëÑÂΩ±Êú∫ÂØπÂáÜ‰∫ÜÁîªÈù¢‰∏≠Âú®Âä®ÁöÑ‰∏ÄÂàáÁâ©‰ΩìÔºåËøôÂ§ßÊ¶ÇÂ∞±ÊòØÂØºÊºîÂØπ‰∫éÁîµÂΩ±ÁöÑÁêÜËß£Âêß„ÄÇÊâõËµ∑ÊîøÊ≤ªÊ≠£Á°ÆÁöÑÂ•≥ÊùÉ‰∏ª‰πâÂ§ßÊóóÂêåÊó∂ÔºåÂèØ‰ª•ÊääÁâπÂ∑•Âä®‰ΩúÁâáÊãçÁöÑÊó¢Ê≤°ÊúâÂä®‰ΩúÊõ¥Ê≤°ÊúâÈÖ∑ÁÇ´Ôºå‰πüÊòØÂ§üÂéâÂÆ≥ÁöÑ„ÄÇÊüêÁßçÁ®ãÂ∫¶‰∏äÔºåËøôÂ∞±ÊòØËÄÅÈ©¨ËØ¥ÁöÑÈÇ£Áßç‰∏ªÈ¢ò‰πêÂõ≠ÁîµÂΩ±Ôºå‰ªé‰∏ÄÂºÄÂßãÂ∞±È¢ÑËÆæ‰∫ÜÂ•≥‰∫∫ËÉúÂà©ÁöÑÁªìÂ±ÄÔºå‰∏çÁÆ°ÊÉÖËäÇÂ§ö‰πàÊó†ÈÄªËæë‰∏çÂêàÁêÜÔºåÂ•≥‰∫∫ÊâìÁî∑‰∫∫ÁöÑÂä®‰ΩúÊàèÊãçÁöÑÂ§ö‰πàÂ∞èÂÑøÁßëÔºå‰Ω†ÈÉΩÁü•ÈÅìÂßëÂ®ò‰ª¨ÁöÑË∫´‰ªΩËÆæÂÆöÂ∞±ÊòØËøô‰∏™ÈáçÂêØÊñ∞Á≥ªÂàóÁöÑ‰∏ÄÂàá„ÄÇÁúãÂÆå‰∫ÜÂ∞±ÂæàÊÉ≥Áü•ÈÅì‰∏Ä‰ª∂‰∫ãÔºåËøôÁßç‰∏ÄÊó†ÊòØÂ§ÑÁöÑÂûÉÂúæÊãçÂá∫Êù•Âà∞Â∫ïÊúâ‰ªÄ‰πàÊÑè‰πâ„ÄÇ
ÈáéÂÜ∂‰πü,ÁúãËøá,ËøòË°å,2020-02-16 20:30:08,1,‰∫èÊàëÂΩìÂàùÈÇ£‰πàÊúüÂæÖ
ÂäâÂèîÂèî,ÁúãËøá,ÂæàÂ∑Æ,2019-10-28 12:52:52,24,"ÂÖãÈáåÊñØÊ±Ä¬∑ÊñØÂõæÂ∞îÁâπÊØîÊù®È¢ñÈÉΩÁò´ÁöÑËÑ∏Áû¨Èó¥Â§±ÂéªÂÖ¥Ëá¥Ôºå
Â®úÂ••Á±≥¬∑ÊñØÁßëÁâπÂæàÂ•ΩÔºåÈòøÊãâ‰∏ÅÈáå‰øèÁöÆÂèØÁà±ËøòÊºÇ‰∫Æ"
ÁëæÁæ≤Qing,ÁúãËøá,ÂäõËçê,2019-11-15 22:32:59,10,Charlie's Angels brought me back to life. Literally. ËÆ≤ÁúüÔºåËøõÂΩ±Èô¢ÂâçÂè™Ââ©ÂçäÂè£Ê∞îÁöÑÊàëÁúãÂÆåÊî∂Ëé∑Âø´‰πêÊÑâÊÇ¶ÂíåÊÑüÂä®ÔºÅÔºÅÂ•π‰ª¨Â§™Ê£í‰∫ÜÔºåË∞Å‰∏çÊÉ≥Ê¥ªÊàêÂ•π‰ª¨ÁöÑÊ†∑Â≠êÔºåËá™‰ø°Âº∫Â§ßÁã¨Á´ãÂèØÁà±ÂèàÁæé‰∏Ω„ÄÇÊúâÂØπÂâç‰∏§ÈÉ®ÁöÑËá¥Êï¨ÔºåÂèàÊúâÊñ∞ÁöÑ‰∏úË•øÔºåÁúüÊ£íÔºÅÂ∞èKÂ§™ÂèØÁà±‰∫ÜÂêß„ÄÇÊúüÂæÖÁª≠ÈõÜ
Á≥∏Ëâ≤Êúõ,ÁúãËøá,ËøòË°å,2019-11-15 02:12:08,7,IMAXÈ¶ñÊò†Âú∫ËøòÊòØÁúãÂæóËõÆÁàΩÔºåÊñáÊàèÂÜçÂ∞ëÁÇπÂ∞±Â•Ω‰∫Ü
ÊàëÁà±ÁΩóÂÆæ,ÁúãËøá,Êé®Ëçê,2019-11-15 11:51:34,12,È¢úÂÄºÂ§™È´ò‰∫ÜÔºåÂêÑÁßçÊç¢Ë£ÖËµèÂøÉÊÇ¶ÁõÆÔºåÁâπÂ∑•ÁâàÁª¥ÂØÜÁßÄ
ÁãÆ‰∏éÁæä,ÁúãËøá,ËæÉÂ∑Æ,2019-11-15 16:29:05,7,ÁÉÇÊ¢óÂÆûÂú®Â§™Â§ö„ÄÇ
aaadzy,ÁúãËøá,ÂæàÂ∑Æ,2019-11-15 16:23:22,16,Âªâ‰ª∑Â•≥Â®ÉÔºåÂ±å‰∏ùÂ•≥Â®É
ÂØíÁãê‰º†Â™í,ÁúãËøá,Êé®Ëçê,2020-02-23 08:13:10,1,3.5Êòü„ÄÇÊ≠£Â§ßÂÖâÊòéÁúãÁæéÂ•≥ÔºåÊôöËäÇ‰∏ç‰øùXÊïôÊéà„ÄÇ
Ëä¶Âì≤Â≥∞,ÁúãËøá,ËæÉÂ∑Æ,2020-02-13 10:41:27,4,ÈúπÈõ≥ÊâãÊÆµÂ§©‰ΩøÈ¢úÔºåÂπ≤ÁøªÁî∑ÊùÉÂπ≤ÁøªÂ§©„ÄÇ
ÂÆ§ÂÜÖÊªÇÊ≤±,ÁúãËøá,Êé®Ëçê,2019-11-15 19:19:39,2,Êâ´‰∫Ü‰∏ÄÁúºÁ¨¨‰∏ÄÊ≥¢Âá∫Êù•ÁöÑÁü≠ËØÑÔºåËßâÂæóÁªô‰∏ÄÈÉ®Áî±Â•≥ÊÄßÂØºÊºîÊãçÁöÑÂ•≥ÊÄßÂä®‰ΩúÁîµÂΩ±ÊåëÊØõÁóÖ‰∏çÂ∫îËØ•Êàê‰∏∫Áî∑‰∫∫Èó≤ÊöáÊó∂ÁöÑÂ®±‰πê„ÄÇgetÂà∞ËøôÈÉ®ÁîµÂΩ±ÁöÑÁÇπÂè™ÈúÄË¶ÅÊòéÁ°Æ‰∏ÄÂ§Ñ‰æøÂèØ:‚ÄúÊü•ÁêÜÁöÑÂ§©‰Ωø‚ÄùÁ≥ªÂàóÊòØ‰∏çÂÖ∑ÊúâËí∏Ê±ΩÊúãÂÖãÁæéÊúØËÆæËÆ°ÁöÑËí∏Ê±ΩÊúãÂÖãÁîµÂΩ±ÔºåÁâá‰∏≠‰∏ªË¶ÅÂÖÉÁ¥†ÔºåÂåÖÊã¨Ë¥µÊóèË¥¢ÈòÄÁ†îÂà∂Âç±Èô©ÁöÑÊñ∞ÊäÄÊúØ„ÄÅ‰ª•ÊìíÊãøÊêèÊñóÂíåÊû™Ê≥ïÂáÜÂ§¥ÂÆöËÉúË¥üÁöÑÊâìÊàè„ÄÅÂØπËß£ÊîæË∫´‰ΩìÂ±ÄÈôêÁöÑÊèêÂÄ°„ÄÅÁî®ËßíËâ≤Â§∏Âº†ÁöÑÁ±ªÂûãÂåñË°£È•∞ËæìÂá∫Áé∞‰ª£Êó∂Â∞öÊ¶ÇÂøµÔºåÂÖ®ÈÉ®ÊòØËí∏ÊúãÂÜÖÂÆπ„ÄÇÈÄèËøáÊñ∞ÊâãËßÜËßíËøõÂÖ•ÁßòÂØÜÁâπÂ∑•ÁöÑÈ´òÁßëÊäÄÁ•ûÁßòÈ¢ÜÂüüÂπ∂‰æßÂÜôÁâá‰∏≠ÊúÄÁ≤æÂΩ©ÁöÑ‰∫∫Áâ©ÔºåÊâãÊ≥ï‰∏é‰πãÂâçÁöÑ„ÄäÂú∞Áã±Áî∑Â≠©„Äã„ÄäË∂ÖÂá°ÁªÖÂ£´ËÅîÁõü„Äã„ÄäÁéãÁâåÁâπÂ∑•„ÄãÂ¶ÇÂá∫‰∏ÄËæôÔºåËøôÂêåÊ†∑‰πüÂçÅÂàÜËí∏Êúã„ÄÇÊâÄ‰ª•Áâá‰∏≠ÁöÑÊÉÖÁêÜ„ÄÅÈÄªËæë„ÄÅÂü∫Ë∞É„ÄÅ‰∫∫Áâ©‰∏æÊ≠¢„ÄÅÂùè‰∫∫Èú≤È¶ÖÁöÑËΩ¨ÊäòÔºåÈÉΩÊòØÂ§∏Âº†ÂåñÁöÑ„ÄÇÂõ†Ê≠§ÁîµÂΩ±‰πüÊ≤°‰ªÄ‰πàÂ•ΩÈªëÁöÑÔºåËΩªÊùæÁöÑÊÑüËßâÂíåÂà∂‰ΩúÂïÜ‰∏öÁîµÂΩ±ÁöÑÁÜüÁªÉÂåñÔºåÈÉΩÊòØ„ÄäÂèåÂ≠êÊùÄÊâã„ÄãÊÉ≥Ë¶ÅÂéªÊâæÁöÑÂ•ΩËé±ÂùûÈ£éÊ†ºÔºå‰∏çÊòØÁàÜÁ±≥Ëä±ÔºåËÄåÊòØÊ†áÂáÜÁîü‰∫ßÁ∫ø„ÄÇXÊïôÊéàÊºîÂæóÊå∫ÈÄó
È∫•cËá≠È≠ö,ÁúãËøá,ËæÉÂ∑Æ,2019-11-15 22:06:41,5,‰πüÂè™ËÉΩÂê¨Âê¨Ê≠åÁúãÁúãÊºîÂëòÁöÑÈ¢úÔºåÂâßÊÉÖÂÆûÂú®ÊòØÂ§™Âπ≥Â∫∏‰∫ÜÔºåÊâìÊàè‰πüÊòØÊ≤°‰ªÄ‰πàÂä≤ÔºåÂøç‰∏ç‰ΩèÁúã‰∫ÜÂ•ΩÂá†Ê¨°Êó∂Èó¥Á≠âÁªìÊùü
Êôö‰∏çÂÆâ,ÁúãËøá,ÂæàÂ∑Æ,2019-11-16 13:00:36,11,Totally CLICHE. Ê≤âËø∑‰∫éIPÈáçÂêØÁöÑÂ•ΩËé±ÂùûÔºåÂ∞±ÂÉèËøôÁæ§Â•≥‰∫∫ÁöÑfancy clothes‰∏ÄÊ†∑Ê≥õÁùÄÂ°ëÊñôÁöÑË¥®ÊÑüÔºåÊúÄÂêéÂ¥©Â°åÁöÑÊ¥æÂØπÊâìÊàèËøòÂ∞ùËØïÁî®ÈúìËôπÁæéÂ≠¶ÊãâÈ´òÊ†ºË∞É„ÄÇÊïÖ‰∫ãÊØîÂÆ°ÁæéÊõ¥Âä†ÂûÆÂ°åÔºåÂº∫Ë°åÂèçËΩ¨ÁúüÊòØÂïÜ‰∏öÁâáÂâß‰ΩúÊ≥ïÁöÑ‰ΩôÊØí‚Äî‚ÄîÁúãÊù•XÊïôÊéàÈÄÄ‰ºë‰πãÂêé‰πüËøáÂæóÂπ∂‰∏çÂ§™Â•ΩÂïä„ÄÇÂΩìÂπ¥ÁöÑÂàòÁéâÁé≤Â¶Ç‰ªäÂ∑≤ÁªèÂåñË∫´Ëá¥ÂëΩÂ•≥‰∫∫‰∫ÜÔºåÂ∞èKÂç¥‰∏ÄÂâØÂß¨ÂúàÂêçÂ™õÁöÑÊ®°Ê†∑ËæπÊâìÂ•≥Êã≥ËæπÊâÆÂπΩÈªò„ÄÇ‰∏ÄÊòüÁªôÈÇ£Âè•Âè∞ËØçÂêßÔºö‚ÄúÂñúÊ¨¢ÁîµÂΩ±ÁöÑ‰∫∫ÊòØ‰∏çÂàÜÂπ¥ÈæÑÁöÑ„ÄÇ‚Äù
Áì¶Âäõ,ÁúãËøá,ÂæàÂ∑Æ,2019-11-16 01:05:21,9,ÊñáÊàèÁÉÇÊòØÊÑèÊñô‰∏≠ÁöÑÔºåÊ≤°ÊÉ≥Âà∞Âä®‰ΩúÊàè‰πü‰∏ÄÂ°åÁ≥äÊ∂ÇÔºåÊØ´Êó†ÁúãÁÇπÔºåÁªùÂØπÊòØ‰ªäÂπ¥ÊúÄÈöæ‰ª•ÂøçÂèóÁöÑIMAX‰ΩìÈ™å„ÄÇPSÔºö1.ËøàÂÖãÂ∞îÂü∫È°øÊòØËùôËù†‰æ†ÔºåÊú¨ÈòøÂºóËé±ÂÖãÊòØËùôËù†‰æ†Ôºå‚ÄúÂÇªÈÄºÂ®ú‚ÄùÁöÑÂâçÁî∑Âèã‰πüÊòØËùôËù†‰æ†„ÄÇ2.ÂØÑÂø´ÈÄíÔºåÁî®Ë£πË£π„ÄÇ3.Âèç‰∫åÁ•û‰ººT-1000ÔºåÂèØÊÉúÊàòÊñóÂäõ‰∏çÂ§™Ë°å„ÄÇ4.EMPÊàê‰∫ÜÂ•ΩËé±ÂùûÁºñÂâßÁöÑÊñ∞ÂÆ†ÔºåËøô‰∏™Êúà‰ªéÁªàÁªìËÄÖ‰∏ÄÁõ¥Áé©Âà∞ÈúπÈõ≥Â®áÂ®É„ÄÇ
Áª¥Á∫∂ÂêÉÁâõËõô,ÁúãËøá,ÂæàÂ∑Æ,2019-11-15 22:37:46,7,Â§ßÂûãÁéØÁêÉÊóÖÊ∏∏ÂèäÊúçË£ÖÁßÄÁé∞Âú∫ÔºåÁ¨ëÁÇπÂ∞¥Â∞¨ÂñúÊ¨¢Ëá™Âó®ÔºåÂä®‰ΩúÊàèÂÖ®Èù†ÁâπÂÜôÂä†Ââ™Ëæë„ÄÇÊï¥‰∏™Ê∞ëÂÆøÈÉΩË¢´ÁÇ∏ÂºÄ‰∫ÜÈîÖÔºå‰∏â‰Ωç‰∏ªËßíËøòËÉΩÈ¶ôÂñ∑Âñ∑Â∏¶Â¶ÜËµ∞Âá∫Áé∞Âú∫ÔºåÂÖº‰ªªÁºñÂâßÂíåÂ•≥ÈÖçÁöÑÂØºÊºî‰∏çËßâÂæóÂ∞¥Â∞¨ÂêóÔºü
ÂòüÂòüÁÜä‰πãÁà∂,ÁúãËøá,ËæÉÂ∑Æ,2019-11-16 21:27:47,9,ÁúãÁöÑÊó∂ÂÄô‰∏ÄÁõ¥Âú®ÊÉ≥Â∞èKÂï•Êó∂ÂÄôË∑üÂÖ∂‰ªñAngelÂá∫ÊüúÂïäÔºåÊÄ•Ê≠ªÊàë‰∫ÜÁÆÄÁõ¥„ÄÇ
ËàíÂÜú,ÁúãËøá,ÂæàÂ∑Æ,2019-11-15 19:01:51,7,ÂîâÔºåËøôÂ±äÂ®áÂ®ÉÂä†‰∏ÄÂùóÂèØËÉΩÈÉΩÊ≤°ÊúâÊàëÂ®òÔºåÊÉ≠ÊÑß‚Ä¶
È≠îÊ≥ïÁÇºÈáëÊúØÂ£´,ÁúãËøá,ËæÉÂ∑Æ,2019-11-16 05:41:12,8,ÊàëÁöÑÂ∞èKÂïäÔºåËôΩÁÑ∂‰Ω†ÊêûÁ¨ëÊºîÊäÄ‰πüÂæàÂ•ΩÔºåÂí±ËøòÊòØ‰∏çË¶ÅÊé•ËøôÁßçÊó†ËÑëÁöÑÁâáÂ≠ê‰∫Ü„ÄÇ
Èõ™Â•≥,ÁúãËøá,Êé®Ëçê,2019-11-17 01:15:54,6,Â∞èKÂíåËåâËéâÂÖ¨‰∏ªÂ•ΩÈÖçÂì¶ÔºÅÔºÅÁîüÂä®ÊÑüÂèóÂà∞‰∫ÜÁî∑Â•≥ËßÇÂΩ±ÂÖ≥Ê≥®ÁÇπÁöÑ‰∏çÂêåÔºåÂ∞èKËÑ±ÈûãÁî®ËÑöÊåëÈÄóÊæ≥Ê¥≤Áî∑ÔºåÂêéÊéíÁî∑Â£´ÊøÄÂä®ÁöÑÂê∏‰∫Ü‰∏ÄÂè£Ê∞îÔºåËÄåÊàëÁöÑÂßêÂ¶πÊâ≠Â§¥ËØ¥‰∫Ü‰∏ÄÂè•‚ÄúÈûãÂ≠êValentino‚ÄùüôÇ
ÂîêÈ°øÂ∫ÑÂõ≠,ÁúãËøá,ËæÉÂ∑Æ,2019-11-24 11:03:08,5,Êúâ‰∫ÜËÄÅÁâàÈúπÈõ≥Â®áÂ®ÉÁöÑË°¨ÊâòÔºåÊñ∞ÁâàÊòæÂæóÂ∞§‰∏∫ÂπºÁ®öÂèØÁ¨ëËøáÂÆ∂ÂÆ∂ÔºåÂ∞èKÁöÑÈ≠ÖÂäõÊòØÂ±û‰∫éÂñúÊ¨¢ÁöÑ‰∫∫ÁâπÂà´ÂñúÊ¨¢Ôºå‰∏çÂñúÊ¨¢ÁöÑget‰∏çÂà∞ÁöÑ‰∫∫ÔºåÊØîÂà©ÊûóÊÅ©ÁöÑ‰∏≠Âú∫Êàò‰∫ã‰∏≠ÁöÑÂ∞èKÂæàÊ£íÔºåËøôÈÉ®ÁâáÂ≠êÈáåÊàëget‰∏çÂà∞„ÄÇ
ÂèëÊù°Ê©ô,ÁúãËøá,ËæÉÂ∑Æ,2019-11-16 22:30:35,4,Á≤óÂà∂Êª•ÈÄ†ÁöÑÊµÅÊ∞¥Á∫ø‰∫ßÂìÅÔºå‰πüÂ∞±ÁúãÁúãÁæéÂ•≥‰∫Ü„ÄÇ
È•ÆÊ≠å,ÁúãËøá,ËæÉÂ∑Æ,2019-11-18 09:27:40,6,ËôΩÁÑ∂ÁöÑÁ°Æ‰∏çÂ∫îËØ•ÊãøÊù•Ë∑üËÄÅÁâàÂÅöÊØîËæÉÔºå‰ΩÜÊñ∞ÁöÑ‰∏â‰∏™Â§©‰ΩøÁúüÁöÑÈÉΩÂ§™ÊºÇ‰∫Æ‰∫ÜÔºåÊºÇ‰∫ÆÂà∞Âè™Ââ©‰∏ãÊºÇ‰∫Æ‰∫ÜÔºåÂÆåÂÖ®Ê≤°ÊúâÂêÑËá™ÁöÑËÆ∞ÂøÜÁÇπÔºå‰∏≠Èó¥Êï∞Âú∫ÊàèÁîöËá≥ËÆ©Êàë‰ª•‰∏∫ÊàëÂú®Áúã„ÄäÂ∞èÊó∂‰ª£„Äã„ÄÇËøòÊúâÂ∞±ÊòØË¢´ÁîµÂΩ±ÊãçÂæóËøá‰∫éÊòéÊòæÁöÑÊâÄË∞ì‚ÄúÂ•≥ÊùÉ‚ÄùÔºåÂΩìÊüê‰∏™‰∏úË•ø‰∏ÄÊó¶Ë¢´ËøáÂ∫¶ËÆ®ËÆ∫ÔºàÊàñËÄÖËØ¥ËøáÂ∫¶Ê∂àË¥πÔºâÔºåÈÇ£ÂÆÉÂ∞±ÁúüÁöÑÊ≤°Âä≤‰∫ÜÔºåÊÄªÊúâ‰∏ÄÂ§©‰ºöÂ§±Âéª‰ª∑ÂÄº„ÄÇ
È£éÈó¥Èöº,ÁúãËøá,ÂæàÂ∑Æ,2019-11-20 23:01:47,5,‰∏Ä‰∏™ÂâçÊâÄÊú™ÊúâÁöÑÔºåÂçïÂá≠ÊÄßÂà´Â∞±ËÉΩÂà§Êñ≠Â•Ω‰∫∫Âùè‰∫∫ÁöÑÂïÜ‰∏öÁîµÂΩ±ÁºñÁ†ÅÊó∂‰ª£Áªà‰∫éÈôç‰∏¥‰∫ÜÔºåÂêÑÁßç‚ÄúËß£Êîæ‚Äù„ÄÅ‚ÄúËá™Áî±‚Äù50Â§öÂπ¥ÂêéÔºåÁîµÂΩ±ÊñáÂåñÁúüÁöÑÂèòÂ•Ω‰∫ÜÂêóÔºü‰∏çÔºåÂÆÉÂèòÂæóÊØîÂÆÉÊúÄÂçëÂä£ÁöÑÊó∂‰ª£ËøòË¶ÅÊÅ∂Ëá≠„ÄÇ
ÂçÉÂ§ß,ÁúãËøá,Êé®Ëçê,2019-11-14 13:17:17,9,Âë®‰∏âÊèêÂâçÊîæÊò†Âú∫„ÄÇ‰∏§ÂàÜÁàÜÁ±≥Ëä±ÁâáÔºåÂâßÊÉÖÊòØÁúüÁöÑÁÉÇÔºå‰ΩÜÊòØÁúãÁæéÂ•≥ÊâìÊû∂Â§öÁàΩÂëÄÊó†ËÑëÂÜçÂä†‰∏§ÂàÜÔºåÂèçÊ≠£King‚Äôs man‰πüËÉΩÊúâÂõõÂàÜÁöÑ„ÄÇÈ°∫‰æøÂêêÊßΩksÊòØÊú¨Ëâ≤Âá∫Êºî‰πàÔºåÂ§™Â•∂‰∫Ü‚Ä¶‚Ä¶
ÊÅ∂Áå´ÁöÑÊ≠•Ë∞É,ÁúãËøá,ËøòË°å,2019-11-18 22:19:59,3,Áé∞Âú®ÁöÑÈó¥Ë∞çÁâáÂïäÔºåÂ∞±ÊòØËøëÊú™Êù•ÁßëÂπªÁâá‰ª£ÂêçËØç„ÄÇ
ÂÆÖÊãæÂèÅ,ÁúãËøá,ËøòË°å,2019-11-15 20:00:24,4,ÊÄª‰ΩìËøòÁÆóÂèØ‰ª•ÔºåÂ∞±ÊòØ„ÄÇ‰∏Ä‰∏™‰∏∫‰∫ÜÊ≠£‰πâ‰∫ã‰∏öÂ•ãÊñó‰∫ÜÂõõÂçÅÂπ¥ÁöÑËÄÅÂ§¥ÔºåÂ∞±ÊòØ‰∏∫‰∫ÜÈì∫Âû´‰ªñÈÄÄ‰ºëÂêéÁöÑÈªëÂåñÔºüÔºüÔºüÔºüÂ∞±ÁÆóÈÄâ‰∏™Âú£‰∫∫ÂèçËΩ¨‰∏Ä‰∏ãÈÉΩÊòØÂ•ΩÁöÑÂêß„ÄÇ‰∏çËøáÈü≥‰πê‰∏çÈîôÔºåÂ∞èk‰πüÁÆóÂèà‰∏ÄÊ¨°ÁæéÁàÜÊàë‰∫Ü„ÄÇ
Â£πÂÆâ¬≤,ÁúãËøá,ËøòË°å,2019-12-01 23:17:04,2,Âπ≥Ê∑°Êó†Â•áÔºåËåâËéâÂÖ¨‰∏ªÂíåXÊïôÊéà‰πüÊïë‰∏ç‰∫Ü„ÄÇÂä®‰ΩúÊàè‰ªΩÂíåÂäûÂÖ¨Â§ßÊ•ºËøΩÈÄêËµõÂä†ÂàÜÔºåÁõ∏ÊØîÊª°Êª°ÈÉΩÊòØËÆ∞ÂøÜÁÇπÁöÑÁªèÂÖ∏Ê¨æÔºåÊñ∞Ê¨æÊúâÁÇπÊµÅÊ∞¥Á∫ø‰ΩúÂìÅ‰∫Ü„ÄÇ‚ÄúÈúπÈõ≥Â®áÂ®É‚Äù‰∏ÄÁõ¥‰ª•Êù•ÊòØÂ•≥ÊÄßÂä®‰ΩúÁâáÁöÑÊ†áÂøóÔºåÂ¶ÇÊûúÁªßÁª≠ÊãçÔºåËØ∑ËÆ©Â•πÈó™ËÄÄ„ÄÇ
[Â∑≤Ê≥®ÈîÄ],ÁúãËøá,ËæÉÂ∑Æ,2019-11-16 21:26:10,7,Á¨ëÊ≠ª‰∫ÜÔºåËøò‰∏çÂ¶ÇÂ∞èÊó∂‰ª£„ÄÇÈÉ≠Êï¨ÊòéÈÉΩËÉΩÁ¢æÂéãÁöÑÂ≠òÂú®„ÄÇ
Dan.Z,ÁúãËøá,ÂæàÂ∑Æ,2019-11-16 16:30:01,6,Â§™Â∞ºÁéõÈöæÁúã‰∫ÜÔºÅËøô‰πàÁÉÇÁöÑÂâßÊú¨ÔºÅÂÖ®ÁâáÂ∞±ÊòØKSÂá∫Êù•Ê≥°Â¶πÂ≠êÂèàËØùÁó®ÁöÑÁâáÔºÅ
zykmilan,ÁúãËøá,ÂæàÂ∑Æ,2019-11-17 23:56:15,6,ÊàëÁöÑÂ§©ÂëêÔºåÂ∞±ÁÆóÊòØÁü•ÈÅì‰∫ÜËØÑ‰ª∑‰∏çÂ•ΩÔºåÂ∑≤Áªè‰∏•ÈáçÊîæ‰Ωé‰∫ÜÊúüÂæÖÔºå‰ΩÜÊòØËøô‰∏™Ê∞¥ÂáÜ‰ªçÁÑ∂ÊòØÂà∑Êñ∞‰∫ÜÊàëÁöÑËÆ§Áü•Ê∞¥ÂáÜ‰∫Ü„ÄÇÊú¨Êù•ÊÉ≥ÁùÄÂÜ≤ÁùÄÂ∞èKÂíåËåâËéâÂÖ¨‰∏ªÁöÑÈ¢úÂéªÁúã‰∏Ä‰∏ãÂêßÔºåÁªìÊûúÂèëÁé∞Èù†È¢ú‰πüÊó†Ê≥ïÊíëÁùÄÁúã‰∏ãÂéªÔºöÊñáÊàèÂêßÔºåÈöè‰æø‰∏ÄÂº†Âè£ÔºåÂè∞ËØçÈÉΩÊòØ‰ª§‰∫∫ÈúáÊÉäÁöÑ‰ΩúÂëïÔºåÂÖÖÊñ•ÁùÄËá™‰ª•‰∏∫Â•ΩÁ¨ë‰ΩÜÊòØÊï¥‰∏™ÁîµÂΩ±Èô¢Ê≠ªÂØÇÁöÑÊâÄË∞ìÁ¨ëÁÇπÔºõÊ≠¶ÊàèÂêßÔºåÂà∞Â∫ïÊòØÊ≤°Èí±ËØ∑Ê≠¶ÊåáËøòÊòØÊ≤°Èí±ËØ∑Ââ™ËæëÔºåÂâ™ÂæóÁ¢éÂ∞±ÁÆó‰∫ÜÔºåÈïúÂ§¥‰πãÈó¥Ê†πÊú¨‰∏çËøûÁùÄÔºå‰Ωú‰∏∫‰∏Ä‰∏™‰∏ªÊâìÂä®‰ΩúÁöÑÁîµÂΩ±Âä®‰ΩúÊàèÊãçÊàêËøôÊ†∑ÔºåÂâßÁªÑËá™Â∑±ËâØÂøÉËøáÂæóÂéªÔºüËÄå‰∏îÔºåËøòÂè∑Áß∞Êñ∞Êó∂‰ª£Â•≥ÊÄß‰∏ª‰πâ‰ΩúÂìÅÔºåÂèØÊòØÈÉΩ9102Âπ¥‰∫ÜÔºåÁúü‰∏çÊòØÂ•≥ÁöÑÊääÁî∑ÁöÑÂÖ®ÈÉΩÊâìË∂¥‰∏ãÂ∞±ÊòØgirl power‰∫Ü‚Ä¶‚Ä¶ÂÖ∂ÂÆûÁúãÂÆå‰πãÂêéÊúÄÂ§ßÁöÑÊÑüÊÉ≥Ôºö‰ºä‰∏ΩËééÁôΩ¬∑Áè≠ÂÖãÊñØÂΩìÂØºÊºî‰∏ÄÂÖ±Â∞±Êãç‰∫ÜËøô‰πàÂá†ÈÉ®Ôºå‰∏ÄÈÉ®ÊØî‰∏ÄÈÉ®ÁÉÇÔºåËµÑÊñπÂà∞Â∫ïÊòØÂì™Êù•ÁöÑÂãáÊ∞î‰∏çÊñ≠ÊääËøôÁßçÂ§ßÂà∂‰Ωú‰∫§ÁªôÂ•πÁöÑÔºü
Enjolras,ÁúãËøá,ËøòË°å,2019-11-17 02:29:09,3,ÊàëÊú¨Â∞±‰∏çÂ§™ÁêÜËß£„ÄäÈúπÈõ≥Â®áÂ®É„ÄãËøô‰∏™IPÊúâ‰ªÄ‰πàÂøÖË¶ÅÈáçÂêØÔºüÂ∞±ÂÉè„ÄäÂè§Â¢ì‰∏ΩÂΩ±„Äã‰∏ÄÊ†∑ÔºåËøô‰∏™Á≥ªÂàóÂΩìÂπ¥‰πüÁÆó‰∏ç‰∏äÊòØ‰ªÄ‰πàÁªèÂÖ∏Ôºå‰ªÖ‰ªÖÊòØ‰∏Ä‰∏™‚ÄúÁªôËßÇ‰ºóÁïô‰∏ãÂç∞Ë±°ÁöÑËøáÁ®ã‚ÄùËÄåÂ∑≤ÔºåÁé∞Â¶Ç‰ªäÈÄöÈÄöË¢´ÊéèÂá∫Êù•ÔºåÊó†ÈùûÊòØÊÉ≥ËøéÂêàÂ•≥ÊùÉÁöÑÊµ™ÊΩÆÂÜçÂúà‰∏ÄÊ≥¢Èí±ÁΩ¢‰∫Ü„ÄÇÂΩìÂΩ±ÁâáÊó†ËÆ∫‰ªéÊïÖ‰∫ãËøòÊòØÂä®‰ΩúÊàèÊù•ÁúãÔºåÈÉΩ‰ªÖ‰ªÖÊòØËä±Êû∂Â≠êÁöÑÊó∂ÂÄôÔºåÂÖ∂ËØïÂõæÂΩ∞ÊòæÁöÑÂ•≥ÊùÉËâ≤ÂΩ©Â∞±Êõ¥ÊòæÂæóÊµÖËñÑÂíåË∑üÈ£é‰∫ÜÔºå‰∫ãÂÆû‰∏äÂ•≥ÊùÉÊú¨Â∞±‰∏çÂ∫îËØ•‰ªÖ‰ªÖÂÅúÁïôÂú®‚ÄúÂ•ΩÁúã‚ÄùÁöÑÂ±ÇÈù¢ÔºåËÄåÂ∫îËØ•ÊòØÂéªËØ†Èáä‚ÄúÂ¶Ç‰ΩïÊ¥ªÂæóÂ•ΩÁúã‚ÄùÔºåÂ∏åÊúõÊòéÂπ¥ÁöÑ„ÄäÁåõÁ¶ΩÂ∞èÈòüÂíåÂìàËéâ¬∑Â•éËåµ„Äã‰∏çË¶Å‰πüÊòØËøôÊ†∑ËçâËçâ‰∫§Â∑Æ‰∫Ü„ÄÇ
Ê∑±Â§úÂ£∞Âôé,ÁúãËøá,Êé®Ëçê,2019-11-16 14:29:10,4,ÊØîÁéãÁâåÁâπÂ∑•Â•ΩÁùáÂ§ö‰∫Ü
KD6-3.7,ÁúãËøá,ËæÉÂ∑Æ,2019-11-16 00:29:20,2,ÁúüÁöÑ‰∏çÂ•ΩÁúãÔºå‰πüÂ∞±ÊòØNaomiÂ§™ÁæéÂ§™Ëêå‰∫ÜÔºõÂÖ®Áâá‰πüÂ∞±ÊúÄÂêé‰∫îÂàÜÈíüÁöÑÂΩ©ËõãÂ•ΩÁúãÔºåHaileeÂ±ÖÁÑ∂ÂéªÂÆ¢‰∏≤‰∫Ü‚Ä¶‚Ä¶ÊàëËøò‰ª•‰∏∫ÊàëÁûé‰∫Ü‚Ä¶ÈÄ†ÂûãËøòÊå∫ËêåÁöÑ
kylegun,ÁúãËøá,ËæÉÂ∑Æ,2019-11-22 00:15:54,0,He got the point. Michael KeatonÊòØBirdmanËøòÊòØBatmanÔºüËÉΩÊãçÂá∫Pitch Perfect‰∏ÄÂò¥ÁÉÇgagÁöÑElizabeth Banks‰∏∫‰ªÄ‰πà‰ºöÊääÁøªÊãçÊï¥ÂæóÈÇ£‰πàÊó†ËÅäÔºüÂ¶πÂ≠êÈÉΩËøòÁÆóÂèØÁà±Â∞±ÊòØ‰∫Ü
Lucifer,ÁúãËøá,ËæÉÂ∑Æ,2020-02-28 21:58:00,0,wtfÔºü‰∏ÄÊó†ÊòØÂ§ÑÔºÅ‰∏çÂØπÔºåËøòÊòØÊúâÁöÑÔºåÂç∞Â∫¶ÁæéÂ•≥
Â∫ìÂ∫ìÂ∞îÂùé,ÁúãËøá,ËøòË°å,2019-11-17 09:58:03,7,Êñ∞ÁâàÊÄé‰πàËÉΩÊãçÂæóËøô‰πàÊó†ËÅäÔºåÂàÜÈïúÂíåËøúÈïúÂ§¥Âõ∞Ê≠ª‰∏™‰∫∫„ÄÇÁõëÁù£ÊòØÊãçÂπøÂëäÁöÑÂêß„ÄÇÂ•ΩÂêßÔºåÁõëÁù£ÊòØ‰ºä‰∏ΩËééÁôΩËá™Â∑±ÔºåÊàëËØ¥ÁöÑÂë¢‚Ä¶‚Ä¶
ÂñúÂÑøÂñÇÈ∏≠Ê≠£ÁªèÂú∞,ÁúãËøá,ÂæàÂ∑Æ,2020-02-14 06:08:50,3,ÁúüÁöÑÂ§™ÁÉÇ‰∫ÜÔºåÂ•ΩÁöÑÊàëÊáÇÈáåÈù¢ÊúâÂæàÂ§öÊó∂Ë£ÖÁöÑÊ§çÂÖ•ÂπøÂëäÔºå‰ΩÜ‰∏∫‰ªÄ‰πàÈÉΩÊòØÂ•ΩÂá†Âπ¥ÂâçÁöÑÁàÜÊ¨æÊ§çÂÖ•ÂïäÔºüÔºüÔºüÔºü
ÊÜ®Â§ß‰ªÅ,ÁúãËøá,ËæÉÂ∑Æ,2019-11-18 18:47:55,3,ËøôÁßçÁ®ãÂ∫¶ÊúâÂøÖË¶ÅÁøªÊãçÂòõÔºü
ÁàÜÁ±≥Ëä±Êïô‰∏ª,ÁúãËøá,ËæÉÂ∑Æ,2020-02-14 18:49:10,1,Â±ÖÁÑ∂ÊääËøô‰πà‰∏Ä‰∏™Êã•ÊúâÊó†ÈôêÂèØËÉΩÁöÑIPÊãçÂæóËøô‰πà‰πèÂë≥ÔºåËøò‰∏çÂ¶Ç‰∏ÄÁÇπÈÉΩ‰∏çÂÖªÁúºÁöÑ„ÄäÂ•≥Èó¥Ë∞ç„Äã
Mr. Infamous,ÁúãËøá,ËøòË°å,2020-02-02 23:38:01,1,Â•Ω‰πÖÊ≤°ÁúãÁîµÂΩ±‰∫ÜÔºåÈ£ûÊú∫‰∏äÊúâÔºåÂ∞±‰ªéÂéªÂπ¥ÁöÑÈÅóÊÜæË°•Ëµ∑ÔºåÊ≠£Â•ΩÈúÄË¶Å‰∫õÊúâÊ¥ªÂäõÁöÑÂïÜ‰∏öÁâá„ÄÇËøô‰∏™Áõ∏ÂØπÊó†ËÑëÁöÑÁ≥ªÂàóÔºåËä±Êã≥Áª£ËÖøÂÜçÂä†ÁæéÂ¶Ü‰∏ΩÊúçÔºåÂè™Ë¶ÅÂñúÊ¨¢Âá†‰∏™Â•≥‰∏ªÔºåÊÄªÊúâ‰∫õÂ∞è‰πêË∂£„ÄÇÊØîËµ∑ËÄÅÁâàÔºåÂ∞ë‰∫Ü‰∫õËøáÂÅáÁöÑÂä®‰ΩúÂú∫Èù¢Ôºå‰πüÂ∞ë‰∫Ü‰∫õÈ´òÁîúÂ∫¶ÁöÑÂ•≥ÊÄßÊÉÖË∞ä‰∏éÁî∑Â•≥ÊÉÖÁà±ÔºåÊ≤°ÂäûÊ≥ïÔºåÂÖ®ÁâáÂ•ΩÁî∑‰∫∫Âè™Êúâ‰∏§‰∏™„ÄÇÁî∑‰∫∫Â§™ÊÉ®‰∫Ü„ÄÇ
saturdaylou,ÁúãËøá,ÂäõËçê,2019-11-15 21:55:09,7,Â§™Âà∫Âß¨‰∫ÜÔºÅÁò´Âì•ÂñúÂâßÂ§©ËµãËßâÈÜí‰πã‰ΩúÔºÅ
Âº•Ëµõ‰∫ö‰ª£Ë®Ä‰∫∫,ÁúãËøá,ÂæàÂ∑Æ,2019-11-16 23:46:53,7,ÂºÄÁØá‰∏ÄÊÆµËé´ÂêçÂÖ∂Â¶ô‰ªø‰ΩõÂ•≥Êã≥ÂÆ£‰º†ÁâáÁöÑÂêÑÁ±ªÂ•≥ÊÄßÂ∑•‰ΩúÂâ™ÂΩ±ÔºåÂ∑≤ÁÑ∂ÂÆ£Âëä‰∫ÜËøôÂ∞±‰∏ÄËπ≠ÁÉ≠Â∫¶ÁöÑÊäïÊú∫ÂïÜ‰∏öÁâáÔºåË¶ÅÂëΩÁöÑÊòØÁîµÂΩ±ËøûÊäïÊú∫ÈÉΩÈÇ£‰πàlowÔºå‰∏çÊòØÊääÊâÄÊúâÁî∑ÊÄßËßíËâ≤Áªü‰∏ÄÂ°ëÈÄ†ÊàêÊô∫ÂïÜ80ÂäõÈáèË¥üÊï∞Â∞±ËÉΩÁ™ÅÊòæÂá∫Â•≥‰∏ª‰ª¨ÁöÑÈ£íÁàΩËã±ÂßøÁöÑÔºåËøôÊãçÊ≥ïË∑üÂ§©ÊúùÁöÑÊäóÊó•Á•ûÂâßÊúâÁâπ‰πà‰ªÄ‰πàÂå∫Âà´ÔºÅÂç≥‰æøÊäõÂºÄËÆæÂÆöÔºåÁâáÂ≠êÂáå‰π±Êó†ÂäõÁöÑÂä®‰ΩúÊàèÂä†‰∏äÊ∞∏ËøúÂº∫Ë°åÊèíÂÖ•ÁöÑÊñáÊàè‰πüÁúãÂæó‰∫∫ÊòèÊòèÊ¨≤Áù°Ôºå‰∏∫ËøôÁé©ÊÑèÂÑøËä±‰∫Ü‰∫îÂçÅÂ§ßÊ¥ãÔºåÊàëÂøèÊÇîÔºÅÔºÅÔºÅ
Danys ‚îá‚îá ËìÑÈ°ª‰∏ìÁî®,ÁúãËøá,ËæÉÂ∑Æ,2019-11-29 22:20:41,5,Áúü‰øóÁÉÇÂïäÔºåÂØπÊØî‰πã‰∏ãÊâçËßâÂæóËÄÅÁâàÂ®áÂ®ÉÁúüÊå∫‰∏çÈîôÁöÑÔºÅ[Êå§Áúº]Â•≥ÂØºÊºîÁè≠ÂÖãÊñØËøôÊãçÁöÑÂï•ÂïäÔºåÂè™Ë¶ÅÊúâ‰∫∫Áâ©Âú®ÈïúÂ§¥ÈáåÂ∞±ÂèØ‰ª•‰∫ÜÂêßÔºüËá™Â∑±ÂÄíÊ≠£Â•ΩËøëÊ∞¥Ê•ºÂè∞Êºî‰∏™Â•≥bossÔºå‰πüÊòØÊ≤°Âï•‰∫ÆÁÇπ„ÄÇÂÖ∏ÂûãÂçñÂ•≥ÊùÉÁöÑÁàÜÁ±≥Ëä±ÁâáÔºåËøòÂçñÂæóÂæà‰∏çËÅ™Êòé„ÄÇxÊïôÊéàÁÆóËÉΩÂúàÁ≤âÂêßÔºå‰ΩÜ‰∏âÂ•≥ÂÆåÂÖ®‰∏çËÉΩÔºåËä±Êã≥Áª£ËÖøÂæóÂ§™ËøáÂ§™ÂÅá‰∫ÜÔºåÂ∞§ÂÖ∂ÈªëË∂ÖÊ®°1Á±≥9ÔºåËÉ≥ËÜäËÖøÈÉΩÁªÜÂæó‰∏ÄÂóëÂ∞±Á¢éÔºåËøòÂÅáËø∑‰∏âÈÅìÂú∞ÂíåÂ£ÆÊ±âËÇâÊêèÔºüÊääËßÇ‰ºóÂΩìÂÇªÂ≠êÂë¢„ÄÇÂâßÊÉÖÁöÑÂº∫Ë°åÂèçËΩ¨‰πüÊØîËæÉÂ∞¨„ÄÇÁúãÂÆåÂè™ÊÉ≥ÈáçÊ∏©‰∏ãËÄÅÁâàÔºåÁÑ∂ÂêéËøôÁâàÁ•®ÊàøÊâëË°ó„ÄÅÂà´ÂÜçÊãçÁª≠ÈõÜ[Âº±]
Ëù†Ëù†,ÁúãËøá,ËøòË°å,2019-11-18 23:53:22,4,"ÊúâÂá†Â§ÑÊÉ≥Ë±°‰∏çÂà∞‰∏îÈùûÂ∏∏ÁöÑÊúâË∂£ÁöÑÂú∞ÊñπÔºåÂÖ∂‰∏≠ÊúÄÊêûÁ¨ëÁöÑÊòØÂ•π‰ª¨Âú®ËÆ®ËÆ∫ÂêÑËá™Âπ¥‰ª£ÁöÑËùôËù†‰æ†‰∏ªÊºîÊó∂ÔºåÁõ¥Êé•ËÆ©ÊàëÂ•∂Ëå∂ÈÉΩÂëõÂá∫Êù•‰∫Ü„ÄÇ
ÊÄª‰πãÊòØ‰∏ÄÈÉ®Âç≥‰Ωø‰Ω†Âõ†‰∏∫ÂñùÂ§™Â§öÊ∞¥ËÄåË∑ë‰∫Ü‰∏âË∂üÂéïÊâÄÂêéÊØèÊ¨°ÂõûÊù•ÁªßÁª≠ËßÇÁúã‰πü‰∏ùÊØ´‰∏çÂΩ±ÂìçÂâßÊÉÖË°îÊé•ÁöÑÁîµÂΩ±ÔºåÊõ¥‰ΩïÂÜµËøòÊúâÂ•ΩÂê¨Âà∞ÁàÜÁöÑÈü≥‰πêÊù•ËÆ©‰Ω†È¢ÖÂÜÖÈ´òÊΩÆÂë¢„ÄÇ"
ÂçøÂêØÁéÆ,ÁúãËøá,ËøòË°å,2019-11-16 18:03:06,2,"ÁªèÂÖ∏ÈáçÂêØÁöÑËØ∏Â§öÁöÑIPÈáåÈù¢ÊØîËæÉÊúâÊÉ≥Ê≥ïÁöÑ‰∏ÄÈÉ®ÔºåÈùûÂ∏∏ÊòéÁ°Æ„ÄäÈúπÈõ≥Â®áÂ®É„ÄãÁöÑ‰∏ªË¶ÅÂèó‰ºóÂ∞±ÊòØÂ•≥ÊÄßÔºåÊâÄÊúâÁöÑÂâßÊÉÖÈÉΩ‰∏∫‰∫ÜÂ∏ÇÂú∫Èù∂ÂêëÊîπÁºñ
‚Äî‚Äî‚òÖ‰ª•‰∏ãÊúâÂâßÈÄè‚òÖ‚Äî‚Äî





Êü•ÁêÜÁöÑÂ§©‰ΩøËøô‰∏™titleÂ§™Áâ©ÂåñÂ•≥ÊÄßÔºüÂ•ΩÔºÅÊîπÔºÅÊü•ÁêÜÂ∞±ÊîπÊàêÂ•≥ÊÄßÔºÅ
ÈáëÂèëÁ¢ßÁúºÂçï‰∏ÄËøáÊó∂ÁöÑÂÆ°ÁæéÔºüfuck itÔºÅÊîπÔºÅÂ§©‰ΩøÁßÅ‰∏ãÁïôÁü≠ÂèëÔºÅ
Â§©‰ΩøÂè™ËÉΩÂñúÊ¨¢ÂºÇÊÄßÔºüno wayÔºÅÊîπÔºÅ‰∏ÄÊù°Â§©‰ΩøÁöÑÊÑüÊÉÖÊöóÁ∫øÊîπÊàêlesÔºå‰∏Ä‰ΩçÂ§©‰ΩøÊïôÂÆòÈÇÄËØ∑transgenderÔºÅ"
Ê≠¶‰æ†Â∞èÁéãÂ≠ê,ÁúãËøá,ËøòË°å,2019-11-17 20:00:24,5,‰ª∑ÂÄºËßÇÂ¶ÇÊ≠§ÊµÖÊòæÔºåÁúü‰∏çÂÄºÂæóÊãçÊàê‰∏ÄÈÉ®ÁîµÂΩ±„ÄÇ
ÊñπÊû™Êû™,ÁúãËøá,ËøòË°å,2020-02-14 21:01:59,1,‰π±Ëä±Ê∏êÊ¨≤Ëø∑‰∫∫Áúº
Ê∑ã,ÁúãËøá,ËøòË°å,2020-02-14 19:08:46,1,Âê¥ËÇ≤ÂàöÊºîÊäÄÂ•ΩÂ∑ÆÂïä
JoeyLuÈôÜÊüèÂÆá,ÁúãËøá,Êé®Ëçê,2019-11-16 00:03:12,1,Ê≤°ÊúâËæúË¥üÊúüÂæÖÔºåÊõ¥‰∏çËæúË¥üÂâç‰∏§ÈÉ®ÔºåÊòØÁ´•Âπ¥ÁöÑÂë≥ÈÅì
Áà±Â∞îÂÖ∞ÁöÑÂ§©Á©∫,ÁúãËøá,ËøòË°å,2019-11-15 20:07:38,2,ÁàÜÁ±≥Ëä±ÂΩ±ÁâáÔºåÈöè‰æøÁúãÁúãÂ∞±Â•ΩÔºåÂÆûËØùÂÆûËØ¥ÔºåËøô‰∏™Á±ªÂûãÁöÑÁîµÂΩ±Âú®‰∏≠ÂõΩË∂äÊù•Ë∂ä‰∏çÂêÉÈ¶ô‰∫ÜÔºåÊúÄÂêéËØ≠Èü≥ËΩ¨Êç¢ÈÇ£ÊÆµÊòØ‰∏çÊòØÁïô‰∫Ü‰∏Ä‰∏™ÊÇ¨ÂøµÔºåÁªô‰∏ã‰∏ÄÈÉ®Èì∫Âû´ÁöÑÔºü
Ê°ÉÂ≠ê,ÁúãËøá,Êé®Ëçê,2019-11-18 01:46:22,0,ËØÑÂàÜ‰ΩéÂè™ÊòØÂõ†‰∏∫ÂÆûÂú®ÂæóÁΩ™‰∫ÜÁî∑ÊÄßËßÇ‰ºóÂêßÔºüËØ¥ÂÆûÂú®ÁöÑÔºå‚ÄúÂ•≥ÊÄßÂ¥õËµ∑‚ÄùÁöÑËÆÆÈ¢òÁöÑÁ°ÆÂ§™ÂÆπÊòìËøáÁäπ‰∏çÂèä„ÄÇÂÖ∂ÂÆûÔºå‰Ωú‰∏∫Á±ªÂûãÁâáÊù•ËØ¥ÔºåË¥®ÈáèÈùûÂ∏∏ÂêàÊ†º„ÄÇÂâßÊÉÖÁöÑÁªÜËäÇ‰πüË∂≥ÔºöSM„ÄÅÁªûÁü≥Êú∫‰∫âÊñóÈöêÂñªÁî∑Â•≥ÂÖ≥Á≥ªÔºåÂ§©‰ΩøÂ§¥ÂÑøÁöÑ‰ª£ÈôÖÈóÆÈ¢òÔºåÊü•ÁêÜÁöÑÁúüÈù¢ÁõÆÔºåÂíåËµÑÊú¨ÂØπÁßëÊäÄÁöÑÈÇ™ÊÅ∂ÂΩ±Âìç„ÄÇÔºàÈáçÂ§çÂú∞ÊèêËùôËù†‰æ†ÔºåÁúüÊòØËÆ©‰∫∫‰∏çÂæó‰∏çÊÉ≥Âà∞ÈÇ£ËØ•Ê≠ªÁöÑBatwomanÂëÄ‚Ä¶‚Ä¶Â¶ÇÊûúÂ∞èKËÉΩÊºîÂ§öÂ•ΩÔºÅÔºÅÔºÅÔºâ Áà±Â∞èKÔºÅÔºÅÔºÅÁâáÂ≠êËã•Ê≤°ÊúâÂ•πÔºåÁ¥¢ÁÑ∂Êó†Âë≥„ÄÇËøûÈòøÊãâ‰∏ÅÂÖ¨‰∏ªÈÉΩÊïë‰∏ç‰∫Ü„ÄÇÔºàIMAXÔºâ
Dragmedown,ÁúãËøá,2019-11-18 22:05:07, ,2,w/liane Êç¢‰∫Ü‰∏Ä‰∏™Âú∞ÊñπpÂõæÔΩû ‰ªäÂπ¥ÁöÑÊúÄÂº∫ÊâìÂ•≥Â∫îËØ•ÊòØÁªàÁªìËÄÖÈáåÁöÑÈ∫¶ËÇØÂÖπ‰∫Ü8‚É£Ô∏è ‚Äú‰∏áÁ£ÅÁéãÁ´ôËµ∑Êù•‰∫ÜÔºåÈöæÈÅìÊòØÂñù‰∫ÜËöÅÂäõÁ•ûÔºü‚Äù ÊàëËØ¥Èîô‰∫ÜÂÖ∂ÂÆûÊòØxÊïôÊéàhhhh
ÈìéÂ•á,ÁúãËøá,ËøòË°å,2019-11-16 12:07:46,1,ÂÖ®Á®ãÈÉΩÊòØÊàëÂèØ‰ª•ÊàëÂèØ‰ª•ÊàëÂèØ‰ª•ÊàëÂèØ‰ª•ÊàëÂèØ‰ª•Ôºå‰∏ÄÊøÄÂä®Â∞±ÊäìÂ•≥ÊúãÂèãÊâã„ÄÇÊàëÔºöKStewÊûúÁÑ∂‰∏çÊÑßÊòØKStewÔºåÂÖ∑‰ΩìÊàëÂ∞±‰∏çÂ±ïÂºÄËÆ≤‰∫Ü„ÄÇÂ•≥ÊúãÂèãÔºö‰∏∫‰ªÄ‰πà‰∏çÂ±ïÂºÄËÆ≤ËÆ≤ÔºüÊàëÔºöËÆ≤‰∫Ü‰Ω†Â∞±Ë¶ÅÊâìÊàë‰∫Ü„ÄÇü•∫
vivi,ÁúãËøá,ËøòË°å,2020-02-20 09:52:15,0,È¨ºËÑ∏ËøòÁÆóÂèØÁà±
Lonely,ÁúãËøá,ËøòË°å,2020-02-21 09:26:28,0,5.0/10 ÂàÜ„ÄÇÂàùÁúãÔºåAMZNÁâà„ÄÇÈô§‰∫ÜÂ¶πÂ≠êÁöÑÈ¢úÂÄºÂíåË∫´ÊùêÔºåÂü∫Êú¨‰∏äÊòØÊØ´Êó†‰∫ÆÁÇπ„ÄÇ„ÄÇ„ÄÇÊâìÊñóÁúüÂøÉÁÉÇÔºåÂÖ®Èù†Âø´ÈÄüÂâ™ËæëÔºåËΩØÁªµÁªµÁöÑÊØ´Êó†ÂäõÈÅì„ÄÇ„ÄÇ„ÄÇÂ•≥ÂØºÊºîÔºåËøòÊòØÂêëÁãÇËΩ∞ÁÉÇÁÇ∏Ë¥ùË¥ù‰Ω≥ÁöÑ„ÄäÈ¨ºÂΩ±ÁâπÊîªÔºö‰ª•Êö¥Âà∂Êö¥„ÄãÂ≠¶‰π†‰∏ãÂêßÔºå‰∫∫ÂÆ∂ÁöÑÂø´ÈÄüÂâ™ËæëÊâçÊòØÊ≠£Áâà„ÄÇ„ÄÇ„ÄÇ
Áå™Â§¥Â¶ñÊÄ™,ÁúãËøá,ËæÉÂ∑Æ,2019-11-16 19:45:46,4,ÊïÖ‰∫ãÊó†ËÑëÔºåÂèçËΩ¨ÁîüÁ°¨ÔºåÁ¨ëÁÇπ‰∏çÁ¨ë„ÄÇÁúüÊ≠£ÁöÑÂ•≥ÊùÉÁîµÂΩ±ÔºåÂ∫îËØ•ÂéªÂ°ëÈÄ†Êô∫ÊÖß„ÄÅÂãáÊï¢„ÄÅÁã¨Á´ã„ÄÅÂÜÖÂøÉÂº∫Â§ßÁöÑÂ•≥ÊÄßËßíËâ≤ÔºåËÄå‰∏çÊòØËøô‰∫õËÉΩÊääÊâÄÊúâÁî∑ÊÄßËßíËâ≤‰∏ÄÊ¶ÇÂπ≤Ë∂¥‰∏ãÁöÑÂ•≥ÁªàÁªìËÄÖ„ÄÇ‰πü‰∏çÂ∫îËØ•Â¶ÇÊ≠§ÁÆÄÂçïÂú∞ÊåâÁÖßÊÄßÂà´Êù•ÂàíÂàÜÊ≠£ÂèçÊ¥æÔºåÂê¶ÂàôËøôÂ∞±‰∏çÂè´Â•≥ÊùÉÔºåËøôÂè´ÊÄßÂà´Â§ßÊàò„ÄÇÊõ¥ÂêäËØ°ÁöÑÊòØÔºåËøôÊ†∑Â°ëÈÄ†Âá∫Êù•ÁöÑÂ•≥ÊÄßËßíËâ≤ÔºåÂú®ÂÖ∂ÂÖâÈ≤ú„ÄÅÊ≠£Á°ÆÁöÑÂ§ñË°®‰∏ãÊéñÁùÄÁöÑÔºå‰∏çÊòØÂà´ÁöÑÔºåÊÅ∞ÊÅ∞ÊòØËä±Áì∂ÁöÑÊú¨Ë¥®„ÄÇÊ≤°ÊúâÊØîËøôÊõ¥Â∫∏‰øóÁöÑÂïÜÂìÅ‰∫Ü„ÄÇËôΩÁÑ∂Naomi ScottÊòØÁúüÁöÑÂ•ΩÁúã„ÄÇ
ËÄÅÁΩóLazzaro,ÁúãËøá,ËøòË°å,2020-02-16 16:10:52,0,ËøôÁ≥ªÂàóÂÜçÊÄé‰πàÁøªÊãçÈÉΩÊòØÁúã‰∏âÁæéÂ•≥Â§ßÁßÄÊã≥ËÑöÁöÑÁàÜÁ±≥Ëä±ÔºåÂ®±‰πêÊÄßÂíåÊó∂Â∞öÊÄßÂÖºÂÖ∑ÔºåÂ∞èKÁöÑÈÄ†Âûã‰∏çÈîôÔºåÊääËÄÅBosleyÂ°ëÈÄ†ÊàêÊó†ËÑëÂèçÊ¥æÊúâÁÇπÁûé„ÄÇ
ËÉñ‰∏ÅÊ°É,ÁúãËøá,ËøòË°å,2019-11-17 18:40:02,2,ÂÖ¨Âπ≥Âú∞ËØ¥ÔºåËøô‰æùÁÑ∂ÊòØÊàëÊú¨Âπ¥Â∫¶Âú®Èô¢Á∫øÁúãËøáÁöÑÊúÄÂ•ΩÁúãÁöÑÈùûÊº´ÊîπÁ±ªÂä®‰ΩúÁîµÂΩ±ÔºåÂä®‰Ωú‰∏äÈÉΩÊ≤°Âê´Á≥äÔºåÈ£éÊôØÁæé‰∫∫‰πüÂÖªÁúºÔºåÂ•≥‰∏ª‰ª¨‰πãÈó¥ÁöÑ‰∫íÂä®‰πüÊúâÁÅ´Ëä±ÔºåÂΩìÁÑ∂Ôºå‰πüÊòØË¢´‰ªäÂπ¥ÁöÑÂêåË°å‰ª¨Ë°¨ÊâòÂæóÊå∫Â•Ω„ÄÇ‰ΩÜÂÆÉ‰ª§Êàë‰∏çËàíÊúçÁöÑÂú∞ÊñπÂú®‰∫éÂÖ®Â•≥ÊÄßÁè≠Â∫ïÁöÑÂà∂‰ΩúÔºå‰∏çËÉΩÂè™ÊòØ‰∏∫‰∫ÜÂêÉÁ∫¢Âà©ËÄåÂè™Âú®Âè£Â§¥‰∏äËØ¥ËØ¥Âè£Âè∑Â∞±ÁÆóÂ•≥ÊÄß‰∏ª‰πâÔºåÊääÁî∑‰∫∫ÂÜôÊàêÊÑöË†¢ÁöÑÂèçÊ¥æ‰πü‰∏çÊòØÂ•≥ÊÄß‰∏ª‰πâÔºåÂì™ÊÄïÂè™ÂÅöIPÊîπÁºñÂÆåÂÖ®‰∏çÊèêÈÉΩ‰∏ç‰ºöÊØîÁé∞Âú®Êõ¥Â∞¥Â∞¨ÔºåÊØïÁ´üKS‰ª™ÊÄÅ‰∏çÂ•Ω‰πüËøòÊòØ‰∏™eye candyÔºåEllaÁ¥ßË∫´‰ΩéËÉ∏ÊâìÊû∂Ë∑üÂç°Ê¢ÖÈöÜË∑≥Â∫∑Â∫∑ËàûÊ≤°ÊúâÂàÜÂà´ÔºåÂ§ßÂÆ∂ÈÉΩÊòØÂçñÂºÑË∫´ÊùêÔºåËøò‰∏çÂèä2000Âπ¥ÈÇ£‰∏ÄÁâàÊúâÁÇπÂêØËíô‰ª∑ÂÄº„ÄÇ
T.V.Zoe ‡Æø,ÁúãËøá,ËøòË°å,2019-11-15 22:46:07,1,Sam‰∏∫Âï•ÂèàÊºîËøôÁßçÊ≤ôÈõïÁîúÂøÉÂèçÊ¥æ  NaomiÁúüÁöÑÂæàÂèØÁà±  ‰ΩÜÊòØÊï¥‰∏™ÊïÖ‰∫ãÂíåËßÜÂê¨ËäÇÂ•èÂ§™Âúü‰∫Ü  ÂÆûÂêçÂ∏åÊúõxÊïôÊéàÂÆûÂú®Èó≤ÁùÄÁöÑËØùÂä†ÂÖ•Êàë‰ª¨ÈÄÄ‰ºë‰ø±‰πêÈÉ®üôÇ
ÂÆåÈ¢úÁ©ÜÂ∞îÁôªÊ†º,ÁúãËøá,ËæÉÂ∑Æ,2020-02-14 07:49:39,2,ÊúÄËÄÅÁâàÊú¨Ê≤°ÁúãËøá„ÄÇÂàòÁéâÁé≤Â§ßÂßêÁâàÊú¨ÊúâË∂£Âú®ÂâßÊÉÖËé´ÂêçÂÖ∂Â¶ôÔºåÊØè‰∏™ÂßëÂ®òÈÉΩÂÇª‰πé‰πéËøòÈÖç‰∏™Êõ¥Â∫üÊü¥ÁöÑÁî∑ÂèãÔºåËØ¥ÂÆûËØù‰∏çËßâÂæóÁâ©ÂåñÂ•≥ÊÄß„ÄÇÂèçÂÄíÊòØÊñ∞ÁâàÊê≠‰∏ä‰∫ÜÂ•≥ÊùÉÊµ™ÊΩÆÂêéÊääÂ•≥ÊùÉÁªôÁ≥üËπã‰∫Ü„ÄÇÈÉΩÊòØÂ•≥ÊâìÊâãÁöÑÊïÖ‰∫ãÔºåËøò‰∏çÂ¶ÇÂâçÂπ¥ÁöÑÊàëÁöÑÈó¥Ë∞çÂâçÁî∑ÂèãÂ•ΩÁé©„ÄÇÊñ∞ÁâàÊúÄÂÉèÂâç‰∏ÄÁâàÊú¨ÁöÑÂú∞ÊñπÊòØÔºåÊùÄÊâãÈïøÂæóÊå∫ÂÉè‰πãÂâçÁöÑÁò¶ÁöÆÁå¥ÁöÑ„ÄÇ„ÄÇ„ÄÇ
Á≥ØÊú®,ÁúãËøá,ËøòË°å,2019-11-17 22:05:09,1,Â§™Â•ΩÁ¨ë‰∫ÜÊàëÁ¨ëÂà∞Â∑ÆÁÇπÊñ≠Ê∞îÔºÅÂ∞±ÊòØ‰∏ÄÁßçÈùûÂ∏∏ÂÆûÂú®„ÄÅÊé•Âú∞Ê∞î„ÄÅËøòÂôåÂôåÂÜíÁùÄË†¢Ê∞îÁöÑÂúüÂë≥Âú∫Èù¢ÔºåÂÖ®Âëò‰ªø‰Ωõ‰πâ‰πåÂ∞èÂ∏ÇÂú∫100Âùó5‰ª∂ÊâìÂåÖÂ∏¶ÂõûÁöÑË°£ÂìÅ„ÄÅÂ∞èkÂú®ÁüøÁü≥ÂéÇË∏©ÁùÄÁî∑Â£´ÁöÑÂ§¥Âä™ÂäõÂæÄ‰∏äÁà¨ÁöÑÊÉÖÊôØ„ÄÅÂ®úÂ••Á±≥Ë¢´ÂèçÊ¥æËΩÆÁùÄÊíûÊ∞¥ÁÆ°ÂèàÊä°Ëµ∑Èº†Ê†áÁãÇÊäΩÂèçÊ¥æÁöÑÁîªÈù¢Ôºå‰ª•ÂèäÂÖ≥‰∫éÈ∏ü‰∫∫ÂíåËùôËù†‰æ†‰ª•ÂèäÂΩ±Ëø∑‰∏çÂàÜÂπ¥ÈæÑÂ§ßÂ∞èÁöÑÂØπËØùÔºåÁúüÊòØÂÆåÂÖ®Êà≥Âú®Á¨ëÁÇπ‰∏ä„ÄÇÂúüÂà∞ÂèØÁà±ÔºÅË¶ÅÊàëËØ¥ÔºåËøôÁßçÂ•≥ÊÄßÂïÜ‰∏öÁâáÂ∞±Â∫îËØ•Â§öÊãçÔºåÂ§öÊãçÊâç‰ºöÊúâËøõÊ≠•ÔºåÊ≤°Êúâ‰ªÄ‰πàÁî∑ÊÄßÁâá‰∏ÄÂºÄÂßãÂ∞±ÂæàÁâõÁöÑÔºåÁî∑ÊÄßÁâπÂ∑•ÁâáÊãçÂà∞Áé∞Âú®‰πü‰æùÁÑ∂ÁÉÇÁâá‰∏ÄÂ§ßÊää„ÄÇÂ§öÂ§öËØïÈîôÔºåÂçÅÂπ¥ÂêéÊàë‰ª¨ÊâçÊúâÊõ¥Á≤æËâØÁöÑÂ•≥ÊÄßÁàΩÁâáÁúã„ÄÇ
CharlesChou,ÁúãËøá,ËæÉÂ∑Æ,2019-11-16 21:24:02,3,ÊÄé‰πàËøûÁî∑Ëâ≤Ê∂àË¥πÈÉΩÊ≤°ÊúâÔºåÁúüÁöÑÊ∞îÊ≠ªÔºà‰ΩÜ‰Ω†Áò´ËøòÊòØÂæàÂèØÁà±ÁöÑ
–∞–ª–µ–∫—Å–∞–Ω–¥—Ä–∞,ÁúãËøá,ËæÉÂ∑Æ,2019-11-16 22:10:57,2,ÊûúÁÑ∂ÊâëË°ó‰∫Ü„ÄÇÊÄÄÁñëÂØºÊºîÊ†πÊú¨Â∞±‰∏ç‰ºöÂâ™ËæëÔºåËøáÂú∫ÈïúÂ§¥Êï¥ÂæóÈÇ£‰∏ÄÂá∫Êàë‰πüÊòØÊúç‰∫Ü„ÄÇÂºÄÂ§¥ÊîæÁöÑÈÇ£ÊÆµgirlspowerÂâ™ÂΩ±ÁúüÂ∞¨ÂæóË¶ÅÊ≠ªÔºåË¶ÅËØ¥Â•≥ÊùÉ‰πü‰∏çËÉΩ‰Ω†Ëøô‰πà‰π±ÊêûÂïäÔºåÁõ¥Êé•ÊääÂπ≥ÊùÉÊ†áÁ≠æË¥¥ËßÇ‰ºóËÑ∏‰∏ä‰∫ÜÔºåÁúüÊÄïÊâÄÊúâ‰∫∫ÈÉΩÊòØÂ±åÁôåÂêóÔºüÊú¨Êù•ÂÜ≤ÁùÄostÈòµÂÆπÁöÑË±™ÂçéÂíånaomiÂéªÁúãÁöÑËøôÈÉ®ÔºåÊ≤°ÊÉ≥Âà∞ÂÖ®ÁâáÁúüÁöÑÊåáÊúõÁùÄÂê¨Ê≠åÂíåÁúãÂ•≥castÈ¢úÂíåË∫´ÊùêÂéª‰∫Ü„ÄÇËØ¥ÁúüÁöÑËøô‰∏çÂ∞±ÊòØÊúâÂâßÊÉÖÁöÑÁª¥ÂØÜÁßÄÂêó„ÄÇnaomiËøôÈÉ®ÁöÑË°®Áé∞‰πüÂ§™Â∑ÆÂä≤‰∫ÜÔºåÂÆåÂÖ®ÊØî‰∏ç‰∏ä‰πãÂâçËåâËéâÂÖ¨‰∏ªÈÇ£Ê†∑ÁöÑÊÉäËâ≥Ë°®Áé∞„ÄÇÊàëËßâÂæóÂæàÊúâÁóÖÁöÑÊòØÂØºÊºî‰π±Áé©Êú¨Ëù†Ê¢óÁöÑÈÇ£ÊÆµÔºå‰ªÄ‰πàÂá†ÊääËøàÂÖãÂ∞îÂü∫È°øÊúÄÂ•ΩËùôËù†‰æ†ÁöÑÁ•ûËÆ∫ÔºåÁúüÁöÑÊÉ≥ÊäΩÂ•πÔºåËÄÅÂæó‰∏çË°åÁöÑÁ¨ëÁÇπÂèàtackeyÂèàÂ∞¨ËøòÂú®Âº∫Ë°åÁî®„ÄÇÊâìÊàèÁºñÊéí‰πüÂÆåÂÖ®‰∏çÂèäÊ†ºÔºåÁàÜÁ±≥Ëä±ÂèäÊ†ºÁ∫ø‰∏ä‰∏ç‰∫ÜÔºåËá¥Êï¨‰πüÂºÑÊàêËøô‰∏™pÊ†∑ÔºåÊºèÊ¥ûÁôæÂá∫ÁöÑÂâßÊÉÖÂíåÂ∞¨Âà∞‰∏çË°åÁöÑlinesÔºåÂ¶ñÈ≠îÂåñÁî∑ÊÄßÊù•ËææÂà∞Âπ≥ÊùÉÁõÆÁöÑÔºåËøô‰πàÂº∫Ë°åÁöÑfeminismÁúüÁöÑËÆ©‰∫∫Èöæ‰ª•Êé•ÂèóÂëï„ÄÇ
Die Katze,ÁúãËøá,ËøòË°å,2019-11-28 18:59:46,1,Ëøô‰∏Ä‰ª£‰∏çË°å
touya,ÁúãËøá,ËæÉÂ∑Æ,2019-11-23 23:17:17,2,Áè≠ÂÖãÊñØÁúüÁöÑÊääËøôÁâáÊãçÊàêËøáÂÆ∂ÂÆ∂‰∫ÜÔºåÊÉ≥ÂΩìÁÑ∂ÂíåÈÄªËæë‰∏çÈÄöÁöÑÂú∞ÊñπÊØîÊØîÁöÜÊòØÔºå‰πüËÆ∏Â•πËßâÂæóÂè™ÊúâÂ±ïÁé∞ÂßëÂ®ò‰ª¨ÁæéË≤åÂ∏ÖÊ∞îÁöÑÊ†∑Â≠êÂ∞±Â§ü‰∫ÜÔºåÂ§öÊç¢Âá†Â•óË°£ÊúçÂçé‰∏ΩËΩ¨Âú∫ÊâìË∂¥‰∏ãN‰∏™Áî∑‰∫∫Â∞±ÊòØÂ•≥ÊùÉ‰πãËÉúÂà©ÔºåÂ¶ÇÊûúÂè™ÊòØËøôÊ†∑ÁêÜËß£ÔºåÈÇ£Â∞±‰∏çË¶ÅËØ¥‰∏çÁü•ÊâÄË∞ìÁöÑËØùË∏©WW‰∫ÜÔºåÂÖàÊääÁîµÂΩ±ÊãçÊòéÁôΩÂêß„ÄÇNaomi ScottÂæàÂèØÁà±~
zhang 2nd,ÁúãËøá,ËøòË°å,2020-02-16 13:21:23,0,ËÄÅÁâàÂõûÈ°æÁâáÊÆµÔºå‰∏ÄÊôÉ20Âπ¥ËøáÂéª‰∫Ü
ÊµÆÂΩ±‰∫∫Áîü,ÁúãËøá,2019-11-25 11:35:00, ,0,ÂêåÊ†∑ÁöÑÂéüÁâàÁâáÂêçÔºüÂêåÊ†∑ÁöÑËØëÂêçÔºüÂè™ÊòØÊãçÊëÑ‰∏äÊò†Êó∂Èó¥‰∏çÂêå„ÄÇÁîµÂΩ±ÂêçÂ≠óËøòÂèØ‰ª•Ëøô‰πàÊêûÔºüÔºüÔºüÊ∑±Ê∑±ÁöÑÁêÜËß£‰∏çËÉΩ„ÄÇ
Ê≥ïÊ£çËÄÅ‰∫∫,ÁúãËøá,ËøòË°å,2019-11-15 19:35:46,1,ÂãâÂº∫ÂêàÊ†ºÁöÑÁàÜÁ±≥Ëä±Âä®‰ΩúÁâáÔºåÁªìÂ∞æÂº∫Ë°åÊù•‰∫ÜÂá†ËΩÆÂèçËΩ¨Ôºå‰ΩÜ‰πüÈÉΩÂú®ÊÑèÊñô‰πã‰∏≠ÔºåÊúâÁÇπÂ∞èÂÑøÁßëÔºå‰∏çËøáÂ¶ÇÊûúÊòØÂÜ≤ÁùÄÂß¨ÈáåÂß¨Ê∞îÁöÑÊöÆÂÖâÂ•≥Â∞èkÔºåÂÄí‰πüÂÄºÂæó‰∏ÄÁúãÔºåÊØïÁ´üÂ∞èÂ±ÅÂ±ÅËøòÊå∫ÊÄßÊÑüÔºå‰ΩÜÊòØÊàëÊõ¥ÂñúÊ¨¢ÈÇ£‰∏™È∫ªÁúÅÁêÜÂ∑•ÊúâÁÇπÂÇªÈáåÂÇªÊ∞îÁöÑÂ∑•Á®ãÂ∏àÂ¶πÁ∫∏ÔºåÁúã‰∏äÂéªÊúâÁÇπÂÉèÈæôÂ¶àÂïäÔºåÊúâÊú®ÊúâÔºü
Êõ≤ÂÆ∂Áëû,ÁúãËøá,ËæÉÂ∑Æ,2019-11-20 13:17:40,0,ÊúüÂæÖÂ§öÂ§ßÔºåÂ§±ÊúõÂ§öÂ§ß„ÄÇÊïÖ‰∫ãÁ®ÄÁÉÇÔºåËøûÂä®‰ΩúÊàèÈÉΩÊå∫ÈöæÁúãÔºåÂîØ‰∏ÄÊúâ‰∫ÆÁÇπÁöÑÂ∞±ÊòØÊúÄÂêéËàûÊ±†Ë∑≥ËàûÈÇ£ÊÆµ„ÄÇÈü≥‰πêÊòØÂ•ΩÂê¨ÁöÑÔºå‰ΩÜÁî®ÂæóÂ¶ÇÊ≠§ÂØÜÈõÜÔºåÂòàÊùÇÂá∫ÊàèÔºåÂ§™Êµ™Ë¥πÊàëArianaÂà∂‰ΩúÁöÑÂéüÂ£∞Â∏¶‰∫Ü„ÄÇ‰∏â‰ΩçÂ•≥‰∏ªËßíÊú¨Êù•ÈÉΩÂèØ‰ª•Êàê‰∏∫Êñ∞Êó∂‰ª£ÁöÑÈúπÈõ≥Â®áÂ®ÉÔºåÁªìÊûúÈÅá‰∏ä‰∫Ü‰∏Ä‰∏™ÊØ´Êó†ËÉΩÂäõÁöÑÂØºÊºîÔºåË¢´Êµ™Ë¥πÊòØÊ≥®ÂÆöÁöÑ‰∫Ü„ÄÇ
cliosong,ÁúãËøá,ËøòË°å,2019-11-15 12:45:56,1,Ôºà6.0/10Ôºâ2019Áâà„ÄÇÊÄé‰πàÂì™ÂÑøÈÉΩÊúâRBGËÄÅÂ§™Â§™ÂëÄ„ÄÇ
Áã¨Ë°å‰æ†ÊùÄÊâãÈòø‰Ωï,ÁúãËøá,Êé®Ëçê,2019-11-19 23:53:00,0,Â•≥ÁâàÁéãÁâåÁâπÂ∑•ÔºåÂèàÊòØÂ§öÂõΩÊ∏∏ÂàáÊç¢Ôºå‰∏∫‰∫Ü‰∏â‰ΩçÁî∑ÈÖçÔºàSamÔºåNoahÔºåJonathanÔºâÂ∞§ÂÖ∂ÊòØJonathn TuckerÁúãÁöÑÔºÅÔºÅÔºÅÔºÅTuckÂ∞èÂì•Âá†‰πéÂÖ®Á®ãÊ≤°ÊúâÂè∞ËØçÔºå‰∏ÄË®Ä‰∏çÂèëÂáåÂéâËøÖÁåõÁöÑÊùÄÊâãÂ§™ÈÖ∑‰∫ÜÔºÅÔºÅÔºÅÔºÅÔºÅ‰∏â‰ΩçÂ•≥‰∏ªÊûúÁÑ∂ÊòØÂ∞èÈªëÂ¶πÊúÄÁ¨¶Âêà‚ÄúÂ§©‰Ωø‚ÄùÁöÑÊ®°Ê†∑ÔºåÂ∞èKÂæàËã±ÂßøÈ£íÁàΩÂæàles‰ΩÜÊÄªÊÑüËßâÁº∫‰∫ÜÁÇπÊÄßÊÑüÂ¶©Â™öÔºåÁ™ÅÁÑ∂ÂèëÁé∞Â•πÁöÑËÖîË∞ÉÂæàÂÉèJessie EisenbergÔºüNaomi ScottËôΩÁÑ∂ÁâπÂà´ÁæéËÆ©ÊàëÁªßÁª≠Âøç‰∏ç‰ΩèÁõØÁùÄÂ•πÁöÑÂ§ßËÉ∏ÁúãÔºå‰ΩÜÂ§™ÁîúÁæéÁº∫‰πèÂáåÂéâÊÑüÔºåÂíåÂÖ∂‰ªñ‰∏§‰ΩçÁõ∏ÂΩ¢ËßÅÁªåÔºåÊÑüËßâÊúÄ‰∏çÂÉè‚ÄúÂ§©‰Ωø‚ÄùÔºÅ‰∏â‰∫îÂì•ËøôÂá†Âπ¥ËÄÅÂæóË∂ÖÂø´ÔºåÊä¨Â§¥Á∫πË∂äÁúãË∂äÊòéÊòæÔºåÂøÉÁñº>Ôπè<„ÄÇÂÖ®Á®ãÂ•≥Â£∞ÂëàÁåÆÁöÑOSTË∂ÖÂ•ΩÂê¨ÔºÅÔºÅÔºÅÔºÅÂºÄÂ§¥Êúâ‰∏â‰ΩçËÄÅÁâàÊü•ÁêÜÁöÑÂ§©‰ΩøÂ§™ÊÑüÂä®‰∫ÜÔºÅÔºÅÔºÅRonda RouseyÂíåHailee SteinfeldÁªìÊûúÁ≠âÂà∞ÁªìÂ∞æÂΩ©ËõãÊâçÂá∫Áé∞ÔºÅÔºÅÔºÅ
È≤∏È±ºÂêõ,ÁúãËøá,ËæÉÂ∑Æ,2019-11-16 22:58:11,0,„ÄäÈúπÈõ≥Â®áÂ®É„ÄãÔºöÈáçÂêØËøô‰∏™Á≥ªÂàóÊó†ÈùûÊòØËÆ©ÊúÄÈÖ∑ÁöÑÂ•≥‰∫∫ÊâìÊû∂Êù•Âê∏ÈáëÔºå‰∏çËøáÂ•óÁî®Ââç‰ΩúÁöÑÊ®°ÂºèÂπ∂‰∏çÂ§™ÁÆ°Áî®Ôºå‰∏â‰ΩçÂ§©‰Ωø‰∏∫Ë∞ÅËæõËã¶‰∏∫Ë∞ÅÂøôÈÉΩÊúâÁÇπÊ≤°Â§™ÊêûÊ∏ÖÔºåÊØ´Êó†ÂàõÊÑèÁöÑ‰ªªÂä°ÂíåÂä®‰ΩúÔºåÈù†ÊäñÊú∫ÁÅµ‰πüÊó†Ê≥ïÊîπÂèòÊó†Ë∂£ÁöÑÁä∂ÊÄÅ„ÄÇÂèØ‰ª•ËÇØÂÆöÁöÑÊòØÔºåËøôÊòØ‰∏ÄÈÅìÁ©øËÇ†ËÄåÂá∫„ÄÅÂú®ËÇöÂ≠êÈáåÂ≠ò‰∏ç‰∏ãÂçäÁÇπÊÆãÊ∏£ÁöÑËèúÔºå‰ΩÜÂ¶ûÂÑø‰ª¨ËøòÊå∫Ê≠£ÁöÑÔºåÊÄßÊÑüÊçû‰∫ÜËøôÈÉ®ÁîµÂΩ±‰∏ÄÊää„ÄÇ‚òÖ‚òÜ
Urth√≥naD'Mors,ÁúãËøá,ËøòË°å,2019-11-16 15:48:58,0,JT‰∏ÄÂá∫Áé∞ÔºåÂìáÂì¶ÁÆÄÁõ¥‰∫ÜÔºåÂûãÁî∑ÊÇ®Â•ΩÔºÅ‰ªñ‰∏ãÁ∫øÊàëÁúüÁöÑÂè™ËÉΩËØ¥ÂèØÊÉú‰∫ÜÔºåÂûãÁî∑ÂÜçËßÅÔºÅ‰ª•ÂèäÊàëÁ°Æ‰ø°‰∫ÜËøôÊòØÈúπÈõ≥Ë¥ùË¥ùÊó∂Ë£ÖÁâáÔºàÂ∞±ËõÆÂ∞èÂÑøÁßëÁöÑ‰ªéÂä®‰ΩúÂà∞Âú∫Èù¢Â∏åÊúõÁª≠ÈõÜ‰ºöÊõ¥Â•ΩÂêßÔºâ
Ë∂ÖÊêûÁ¨ëÁ∫ßÁöÑÔºüÔºü,ÁúãËøá,ËæÉÂ∑Æ,2020-02-13 22:32:15,0,ÈùûÂ∏∏ÊàêÂäüÁöÑÊ∂àË¥πËÄÖÂøΩÊÇ†ÂïÜ‰∏ö‰∫∫Â£´ÁöÑÊ°à‰æãÔºöÂπ≥Êó•ÈáåÂ§ßÂÆ∂ÈÉΩÂñä‚ÄúÈïøÁõ∏‰∏çË°å‰∏öÂä°‰∏çË°åÊ≤°ÂÖ≥Á≥ªÔºå‰Ω†ÊòØÊúÄÊ£íÁöÑÔºÅ‚Äù‰∫éÊòØÂà∂ÁâáÂïÜ‰ª¨Á∫∑Á∫∑ÊääÊóßipÁøªÊñ∞ÔºåÂ§ßÁé©ÂæÆÂçöÁÉ≠ÊêúÁöÑÈÇ£‰∏ÄÂ•óÔºåÁªìÊûúÊùúÁ´ãÂæ∑boomÔºåÁåõÁ¶ΩÂ∞èÈòüÁ†∞ÔºåÈúπÈõ≥Â®áÂ®ÉÊâëË°ó‚Ä¶ÁΩëÁªúÂè£Âè∑ÂñäÂæóÂìçÔºå‰ΩÜËßÇ‰ºóËøòÊòØÁî®ËÑöÊäïÁ•®ÔºåÈÄâ‰∫∫ÂÜçËÆ®Â•ΩÂêÑË∑ØÁæ§‰ΩìÔºåÂè£Âè∑ÂñäÁöÑÂÜçÂ•ΩÂê¨ÔºåÊúÄÂêéËøòÂæóÁúãË¥®Èáè
LORENZO Ê¥õ‰º¶‰Ωê,ÁúãËøá,ÂæàÂ∑Æ,2020-03-06 03:59:56,0,ÁúüÁöÑÊòØÂæàÂ∑ÆÂæàÂ∑Æ‰∫ÜÔºåÊâìÊàèÂ∞¥Â∞¨ÁôåÈÉΩË¶ÅÂá∫Êù•‰∫ÜÔºåËÉΩËä±ÁÇπÈí±Âú®ÁâπÊïà‰∏äÂêóÔºü
90,ÁúãËøá,ËæÉÂ∑Æ,2019-11-23 17:41:53,1,Êó†ËÅä‚Ä¶‚Ä¶Âä®‰ΩúÊàè‰∏çË°åÊêûÁ¨ë‰πü‰∏çË°åÔºåÂçñËÇâ‰πü‰∏çË°åÔºå‰ªÄ‰πàÈÉΩ‰∏çË°å
lilyÂ∞èÊ¢®,ÁúãËøá,ÂäõËçê,2019-11-17 23:19:08,5,ÈùûÂ∏∏Ê£íÔºÅÂèØÊÉúÁöÑÊòØÂ∏ÇÈù¢‰∏äÂá†‰πéÊâÄÊúâÂ•≥ÊÄßÁîµÂΩ±ÂæóÂàÜÈÉΩÂæà‰ΩéÔºåÂåÖÊã¨ÊÉäÂ•áÈòüÈïø„ÄÇ‚ÄúÊâÄÊúâÂ•≥Áîü‚ÄùÔºåÁªßÁª≠ÊãçÔºÅ‰∏çË¶ÅÂ¶•ÂçèÔºÅ
Êó†Ëâ≤Êó†Âë≥ÁöÑÊ∞î‰Ωì,ÁúãËøá,ËæÉÂ∑Æ,2019-11-15 18:10:41,2,5.5 ÂÖ∂ÂÆûËøòÊòØÈÇ£ËÄÅ‰∏ÄÂ•óÁöÑÂ•ΩËé±ÂùûÂ§ßÁâáÔºåÂèçËΩ¨‚ûïÂ•≥ÁâπÂä°ËÉΩËÆ©‰∫∫ÊÉ≥Âà∞ÂâçÊÆµÊó∂Èó¥ÁöÑ„ÄäÂÆâÂ®ú„ÄãÔºåÊØîËµ∑ÂÖ∂‰ΩôÂ•ΩËé±ÂùûÂ§ßÁâáÊù•ËÆ≤Ëá≥Â∞ë‰∏ç‰ºöËÆ©‰Ω†ÁúãÁöÑÂèëÁÅ´ÔºåÂæàÊúâËá™Áü•‰πãÊòéÁöÑÂáèÂéªÁ¥ØËµòÊñáÊàèÔºå‰∏çËøáÁ¨ëËØùÈÉΩËõÆËÆ©‰∫∫Â∞¥Â∞¨„ÄÇ
ÊúùÈò≥Âå∫ÈôÜ‰æùËêç,ÁúãËøá,ËæÉÂ∑Æ,2019-11-17 20:31:18,1,ËøôÂà∞Â∫ïÊòØ‰ªÄ‰πà‰∏úË•øÂïäÔºÅÔºÅÊÄé‰πà‰ºöÂúüÂà∞ÁàÜÁÇ∏ÔºÅ#‰ΩÜËøòÊòØÊØî„ÄäÊò•Ê±üÊ∞¥Êöñ„ÄãÂ•ΩÁúãÂìé#
Âú£‰ª£ÈòüÈïø,ÁúãËøá,Êé®Ëçê,2019-11-15 22:44:09,2,"36Â§©ÔºåÂêÉÂÆåÊµ∑Â∫ïÊçûÂíåÂ¶πÂ≠êÂá∫Êù•ÊîæÊùæ‰∏Ä‰∏ã„ÄÇÈô§ÂéªÂàªÊÑèÁöÑLGBTÁÇπÂíåÁÉÇÊ¢óÊÑüËßâËøò‰∏çÈîôÂïäÔºåÂ∞§ÂÖ∂‰∏â‰∏™Â¶πÂ≠êÊØîÊµ∑Êä•‰∏äÂÖªÁúºÂ§ö‰∫ÜÔºåÈªë‰∫∫ÂßêÂßêÈÇ£‰πàÈ´ò??‰∏¥ËøëÁªìÂ∞æÁöÑÈÖíÊ±†ÁÉ≠ËàûÂ§™ÈÖ∑‰∫Ü!!Áà±‰∫ÜÁà±‰∫Ü,bad girl bad girl"
Ê¢µÁõÆ,ÁúãËøá,ËæÉÂ∑Æ,2020-02-13 21:36:52,1,ÊòØÂì™Êù•ÁöÑÂãáÊ∞îÊãç‰∏§‰∏™Â∞èÊó∂ÁöÑÔºåÂ§ßKÁöÑÂΩ¢Ë±°Â∑≤ÁÑ∂Èù†Ëá™Â∑±ÁöÑÊó•Â∏∏Âá∫‰ΩçË¢´ÈîÅÊ≠ªÂú®ÈÖ∑Â•≥‰∏äÔºåËøôÊâÆÊÄßÊÑüÊãåÁöÑÂæàÂ§±Ë¥•„ÄÇ
ËÉñËÉñËÉñËÉñËÉñÂèØ‰∏Å,ÁúãËøá,ËøòË°å,2019-11-17 00:21:16,1,‰∏âÂàÜÈÉΩÁªô‰∏â‰∏™Â∞èÂßêÂßê
Âπ∏Ëøê+++,ÁúãËøá,ËæÉÂ∑Æ,2019-11-24 06:09:35,1,ÂâßÊÉÖÂÆåÂÖ®‰øóÂ•óÊó†ËÅäÔºåÈÇ£‰∏™Èªë‰∫∫Â§©‰ΩøÁöÑÊºîÂëòElla‰πüÂ§™È´ò‰∫ÜÔºåÊÑüËßâÂíåÂÖ∂‰ªñ‰∫∫Á´ôÂú®‰∏ÄËµ∑ÈùûÂ∏∏‰∏çÂíåË∞ê„ÄÇÂ∞èKÁöÑÂ∏ÖÊ∞îÁæéË≤åËøòÊòØÈùûÂ∏∏üâëÔ∏è
Q¬∑ian¬∑Sivan,ÁúãËøá,ËæÉÂ∑Æ,2020-02-14 08:21:15,0,„ÄåHow old am I? What? That has nothing to do with it. There are film buffs of all ages.„Äç
ÈùûÈ≠ö,ÁúãËøá,ËæÉÂ∑Æ,2019-11-16 18:23:17,0,ÊàëËßâÂæóÊúÄÂ•ΩÁ¨ëÁöÑÂè∞ËØçÊòØÁªìÂ∞æË∑≥‰ºûÊó∂ÔºöÂï•ÔºåÂ§ßÊ≥ïÂÆòÈáëÊñØÂ†°‰πüÊòØÂ§©‰ΩøÔºü
Julia,ÁúãËøá,ËøòË°å,2020-02-18 17:58:16,2,Ë∑üÂàòÁéâÁé≤Â•π‰ª¨ÈÇ£‰∏ÄÁâàÊØîÔºåÂ∑ÆÂæóÂ§™Ëøú„ÄÇ
feb12345,ÁúãËøá,ËøòË°å,2020-02-13 15:02:30,0,‰∏çÂá∫ÊâÄÊñôÔºåÂΩ¢ÂºèÂ§ß‰∫éÂÜÖÂÆπ
Shrl9,ÁúãËøá,ÂæàÂ∑Æ,2020-03-08 08:14:46,0,ÁúãÂÆåÈ¢ÑÂëäÁöÑÊàëÊ≥™ÊµÅÊª°Èù¢
SELVEN,ÁúãËøá,ËøòË°å,2019-11-16 19:21:08,1,60/100 ÊØîËµ∑Âæ∑È≤ÅÂ∑¥ÈáåÊë©Â∞îÈÇ£‰∏ÄÁâàÊ≤°ÊúâËâ≤ÊÉÖÈïúÂ§¥ÁöÑËâ≤ÊÉÖÁâáÔºåÊàëËøòÊòØÊõ¥ÂñúÊ¨¢ËøôÊ†∑ÁöÑÂ§©‰ΩøÔºåÁúãËµ∑Êù•ÈÉΩËõÆËÄÅÂÆûÁöÑ„ÄÇÁè≠ÂÖãÊñØÂíåÁ¥¢Â∞ºÁî®Ëøô‰∏™IPËµ∞Â•≥ÊùÉÊØçÈ¢òÊ≤°‰ªÄ‰πàÊÇ¨ÂøµÔºåÁî∑ÊÄßÂú®Ëøô‰∏™‰ª•Â•≥ÊÄß‰∏∫ÁªùÂØπ‰∏ªÂØºÁöÑÊïÖ‰∫ãÈáåÁ∫ØÁ≤πÊ≤¶‰∏∫‰∫ÜÂèçÊ¥æ„ÄÅ‰∏§Èù¢Ê¥æÂíåËä±Áì∂Ôºå‰πüÊòØ‰∏ÄÁßç‚ÄúÂ§ç‰ªá‚Äù„ÄÇËÄÅÂÆûËØ¥ÊïÖ‰∫ãÂ∞öÂèØÔºåÂèØÂä®‰ΩúÊåáÂØºË¶Å‰∫ÜÂëΩÔºåÈÖç‰∏äÊó∂Â∞öÂÖÉÁ¥†ÔºåÁúüÁöÑÊòØËä±Êã≥Áª£ËÖøÔºåÂìÅË¥®Âº±‰∫ÜËÆ∏Â§ö„ÄÇÁúãÂà∞ÂßëÂ®ò‰ª¨ÊúÄÂêéÂÖ¥È´òÈááÁÉàÁöÑÊ†∑Â≠êÂÆûÂú®ÊòØ‰∏çÊÉ≥Âî±Ë°∞Â∫îËØ•ÊòØÊ≤°Êúâ‰∏ã‰∏ÄÈÉ®‰∫Ü„ÄÇ
È¶ôÊ∞¥Áì∂,ÁúãËøá,Êé®Ëçê,2019-11-15 22:56:54,1,ÊØîÈ¢ÑÊúüÁöÑÂ•ΩÁúã„ÄÇÂÖ∂ÂÆûÊàëÊÉ≥Êâì‰∏âÊòüÂçä„ÄÇÂßëÂ®ò‰ª¨ÈÉΩÂæàÊãºÔºåÊúâÂãáÊúâË∞ãÂèàÂèØÁà±„ÄÇÈùûÂ∏∏Â•≥ÊÄß‰∏ª‰πâÁöÑÊïÖ‰∫ãËÆæËÆ°„ÄÇÁúãÂæóÂæàÁàΩÔºåÁæéÊôØÁßëÊäÄÔºåÂçéÊúçÊû™Ê¢∞ÔºåËøΩËΩ¶ÁàÜÁ†¥ÔºåÊã≥ËÑöÈÄóÁ¨ëÔºåÂ∫îÊúâÂ∞ΩÊúâ‰∫Ü„ÄÇÊúüÂæÖÁª≠ÈõÜÂêß„ÄÇÂÅö‰∏Ä‰∫õÊõ¥Â§ßÁöÑÁ™ÅÁ†¥„ÄÇPSÔºåÁî∑ËßÇ‰ºóÂèØËÉΩ‰ºöËßâÂæóË¢´ÂÜíÁäØÂà∞‰∫ÜÂêß„ÄÇ
Ëê®ÁΩóËøàÊãâ,ÁúãËøá,ËøòË°å,2019-11-16 21:21:00,2,Â¶ÇÊûú007Á≥ªÂàóÁîµÂΩ±ÊÄßÂà´Áî∑ÔºåÈÇ£‰πàËøô‰∏™ÁâáÂ≠êÂ∞±ÊòØÂèç‰πâËØç„ÄÇÈô§Ê≠§‰πãÂ§ñÔºåÂê¨Ê≠åÁúãÈ¢ú‰πü‰∏çÈîô
ÊàëÁ¥ØÁâπ,ÁúãËøá,ËøòË°å,2019-11-15 21:48:19,1,‰∏§ÊòüÁªôÂ∞èKÔºå‰∏ÄÊòüÁªôÁªìÂ∞æÔºåÂÖ∂‰ªñÁöÑ...Â∞±ÈÇ£Ê†∑Âêß
ËçÜÊ£ò,ÁúãËøá,ÂæàÂ∑Æ,2020-02-16 03:07:59,2,ÊàëÂè™ËÉΩÂãâÂº∫ÁªôKÁöÑÊîªÊ∞î‰∏ÄÊòü
ËçíÊûó,ÁúãËøá,ËæÉÂ∑Æ,2020-02-13 23:02:49,2,ÂâßÊÉÖÊÑöË†¢„ÄÅÂàªÊÑèÂ•≥ÊùÉ„ÄÅ‰∏ëÂåñÁî∑ÊÄßÂèØ‰ª•ÂøçÔºåÂä®‰ΩúÊàèÁÉÇÊàêËøôÊ†∑‰∏çËÉΩÂøç
Yvonne,ÁúãËøá,Êé®Ëçê,2020-02-18 14:46:16,0,SabinaËÑ±ÂÅáÂèëÂ§™Â∏Ö‰∫ÜÔºåËÄå‰∏îSabinaËøòÊòØ‰∏™‰∫åË¥ßÔºåElenaÂ∞±ÊòØÊù•ÊêûÁ¨ëÁöÑÔºåËôΩÁÑ∂ÂÜÖÊ†∏Ê≤°‰ªÄ‰πàÔºåÂ∞±ÊòØËä±Êû∂Â≠êÔºå‰ΩÜÊòØ‰∏ªÈ¢òÂæàÂ•ΩÔºåWomen can do anything
ÁãºÁüõ,ÁúãËøá,ËøòË°å,2020-02-16 18:26:21,1,Á©øÂæó‰∫ÜÂçéÊúçÔºåÊâõÂæóËµ∑ÈáçÂûãÊú∫Êû™ÔºõËÉΩÁæéËâ≥ÊÉë‰∫∫Ôºå‰πüËÉΩÊùÄ‰∫∫ÔºõËÉΩÂæíÊâãÊãÜÁÇ∏ÂºπÔºåÊõ¥ËÉΩÈ´òÁ©∫Ë∑≥‰ºûÔºå‰πüËÉΩÂºÄÈ£ûÊú∫ÔºÅÁæéÂ•≥‰ª¨ÔºåËøòÊúâ‰Ω†‰ª¨‰∏ç‰ºöÁöÑÂêóÔºü
nothing‰º†Âèî,ÁúãËøá,ÂæàÂ∑Æ,2020-03-02 00:05:52,1,Ê≤°ÊÉ≥Âà∞Ëøô‰πàÈöæÁúãÔºåÈÄÅ‰∏ä‰∏§‰∏™Â≠ó‚ÄúÂà´Áúã‚Äù„ÄÇ‰∏â‰∏™Â§©‰ΩøÂ∞±Êï∞ÊöÆÂÖâÂ•≥ÊúÄÂ∑ÆÔºåÔºåÔºåË∞ÅÊÉ≥Ëµ∑Êù•ËÆ©XÊïôÊéàÂÅöÂèçÊ¥æÁöÑÔºåÊãâÂá∫ÂéªÊñ©ÂÖ∂5ËÇ¢„ÄÇ„ÄÇ„ÄÇ
dumÊ≤°Â§¥ËÑë,ÁúãËøá,ËæÉÂ∑Æ,2019-11-17 00:23:24,3,Â§™Â∞¨‰∫ÜÁÆÄÁõ¥
Lycidas,ÁúãËøá,ËøòË°å,2019-11-19 21:16:51,1,2.5 Áò´Ë∂ÖÂèØÁà±ÔºÅÂè¶Â§ñ‰∏§‰∏™ÂßêÂßê‰πüÂæàÂ•ΩÁúãÔºàËôΩÁÑ∂naomi scottÁöÑÈÄ†ÂûãËÆæËÆ°ÂèØËÉΩË∑üÂ•πÊúâ‰ªáÔºâÔºå‰ªépitch perfectËá≥‰ªäÈÉΩÂèØ‰ª•ÁúãÂá∫elizabeth banksÂÆ°ÁæéÂÆûÂú®Êúâ‰∫õ‰øóÊ∞î„ÄÇ
Marco,ÁúãËøá,Êé®Ëçê,2019-11-15 23:42:48,0,„Äê7.0„ÄëÂèàÊòØ‰∏ÄÈÉ®Êó†ËÑëÁöÑÂïÜ‰∏öÂ§ßÁâáÔºå‰ΩÜÊòØ‰ªéÂ®±‰πêÊÄßÁöÑËßíÂ∫¶Êù•ËØ¥ÊàëÊòØÊé®ËçêÁöÑÔºåÈ´ò‰∫éÈ¢ÑÊúü„ÄÇÁúãÁùÄÁöÑÊÑüËßâÊúâÁÇπÂÉè‰ΩéÈÖçÁâàÊú¨ÁöÑ„ÄäÁéãÁâåÁâπÂ∑•1„ÄãÔºåÈÄÇÂΩìÂú∞ÂáèÂ∞ëÊñáÊàèÊòØ„ÄäÊñ∞ÈúπÈõ≥Â®áÂ®É„ÄãÁöÑÁ•ûÊù•‰πãÁ¨îÔºåÊµÅÊ∞¥Á∫øÁöÑÂèçËΩ¨ÂíåÁî∑ÊÄß‰ª¨ÁöÑÊÑöË†¢‰∏ÄÂàáÈÉΩÊòØ‰∏∫‰∫ÜÂ•≥‰∏ªËßíÁöÑÊΩáÊ¥íËÆ©Ê≠•ÔºåÊï¥ÈÉ®ÁîµÂΩ±ÂÖÖÊª°‰∫ÜÊ¥ªÂäõ„ÄÇÂÜµ‰∏îÔºåÊñØÂõæÂ∞îÁâπÁúüÁöÑÂæàÈÖ∑ÂæàÁæé„ÄÇ
A Bold One,ÁúãËøá,2020-02-18 14:47:02, ,0,ÂèØËÉΩÊòØÊàëÊ†áÂáÜÊîæ‰Ωé‰∫ÜÔºåËßâÂæóÊ≤°ÈÇ£‰πàÂ∑ÆÔºåËôΩÁÑ∂ÊòØÁúüÁöÑÂúü„ÄÇÁúãÂèØÁà±ÁöÑÂ¶πÂ¶π‰ª¨ÊâìÊû∂ËøòÊª°ÊÑâÂø´ÁöÑÔºàÁò´ÁúüÁöÑÂ•ΩÁæéÔºâ„ÄÇË¢´ËØüÁóÖÁöÑÂ•≥ÊùÉÂÆ£Ë®ÄÁ°ÆÂÆûËØ•ÊúâÊõ¥Ëâ∫ÊúØÁöÑË°®ËææÊñπÂºèÔºåËøôÊãçÂæóË∑üÊ§∞Ê†ëÊ§∞Ê±ÅÂπøÂëä‰∏ÄÊ†∑Áõ¥ÁôΩÔºåÁè≠ÂÖãÊñØ‰πüÂ§™ÂÅ∑Êáí‰∫ÜÂ§™ÂÅ∑Êáí‰∫ÜÂ§™ÂÅ∑Êáí‰∫Ü„ÄÇÂßêÂ¶πÂÖ≥Á≥ªÁöÑÂèëÂ±ï‰πüËõÆÂ°ëÊñôÁöÑÔºåÂÖ∂ÂÆûÊ≤°‰ªÄ‰πàÂ•≥ÊÄßÁâπÁÇπÔºåÊõøÊç¢ÊàêÁî∑ÁöÑ‰πüÊ≤°Â∑Æ„ÄÇÂéüÁâàÁöÑËÆæÂÆöÁ°ÆÂÆûÊå∫ÈöæÊãçÂæóÂ§ßÂÆ∂ÈÉΩÊª°ÊÑèÔºàÁîöËá≥ÂèØ‰ª•ËØ¥Â∫îËØ•Ë¢´Ê∑òÊ±∞ÔºâÔºå‰ΩÜÂÆÉË¶ÅÊòØÂÉè‰∏™ËÇ•ÁöÇÂâß‰∏ÄÊ†∑ÂæÄ‰∏ãÊãçÔºåÊàëÂÄí‰πü‰ºö‰∏ÄÁõ¥ÁúãÔºåÂèØËÉΩÁÆóguilty pleasureÂêß„ÄÇÔºà‰πîÁ∫≥Ê£ÆÂ°îÂÖãÁúüÊª¥Â∏Ö
CyberKnightÁîµÂ≠êÈ™ëÂ£´,ÁúãËøá,ËøòË°å,2020-02-17 16:17:26,0,ÊÄé‰πàËØ¥Âë¢ÔºüÊúâÂΩ¢Êó†Á•û‚Äî‚ÄîËøû‰∏™Âä®‰ΩúÂ§ß‰øóÁâáÁ≥ªÂàóÈÉΩÂ≠¶‰∏çÂ•Ω„ÄÇÊïÖ‰∫ã‰∏çÂ•ΩÁé©ÔºåËßíËâ≤Ê≤°ÊÑèÊÄùÔºàÂ∞ΩÁÆ°Â∞èÂÖãÂíåËåâËéâÂÖ¨‰∏ªÈÉΩÂæàÁæéÔºâÔºåÊâìÊñó‰∏çÂ•ΩÁúãÔºàÂºÄÂ§¥Â∞èÂÖãÂç∑ÂçäÂ§©Á™óÂ∏òPÁî®Ê≤°ÊúâÔºâÔºÅÁªìÂ∞æXÊïôÊéàÈÉΩÂ£∞Âò∂ÂäõÁ´≠‰∫Ü‚Ä¶‚Ä¶‰ºä‰∏ΩËééÁôΩ¬∑Áè≠ÂÖãÊñØÂΩìÂØºÊºî‰∏çË°å„ÄÇ
Â¶çÊò•,ÁúãËøá,ËøòË°å,2019-12-01 22:09:09,0,Âø´È§êÁöÑËá™Êàë‰øÆÂÖª
ÂàòÂ∞èÊµÅ,ÁúãËøá,ÂæàÂ∑Æ,2020-02-13 22:59:09,2,Áúã‰∫ÜÂÆπÊòìÂæó‰∏äÂéåÂ•≥Áóá
Ê§∞Êåû,ÁúãËøá,ÂæàÂ∑Æ,2020-02-16 19:34:56,3,Áé∞Âú®ËÆæÂ§áÁßëÊäÄÈÇ£‰πàÂ•ΩÔºåÁ´üÁÑ∂ÈÉΩÊãçÂæóÊ≤°Á¨¨‰∏ÄÈõÜÂ•ΩÁúãÔºåËøôÁßçÁ®ãÂ∫¶ÁöÑÊØîËæÉÁúüÁöÑÂ∑≤ÁªèÂæàÂ§ü
Dita,ÁúãËøá,ËæÉÂ∑Æ,2020-02-14 14:49:56,1,ÊØ´Êó†ÊÑè‰πâÁöÑÁøªÊãç
Ë∂Ö‰∫∫ÂèîÂèî,ÁúãËøá,ËøòË°å,2019-11-16 22:19:07,1,Á°¨Ë£ÖËΩØË£ÖÂÖ®Á∫øÂçáÁ∫ß Ëá¥Êï¨‰∏çÁº∫ÂøÉÊÑè‰∏çÂ∞ë IMAX 2D 26
Ê≤ôÂä†‰πã‰º¶,ÁúãËøá,ÂæàÂ∑Æ,2020-03-07 16:42:14,0,Â§™Á≥üÁ≥ï‰∫ÜÔºåÂ∞¨Âá∫Â§©ÈôÖ
‰∏≠Âπ¥Â§èÂ¶ÇÁãó,ÁúãËøá,ËøòË°å,2020-03-01 15:05:49,0,Ê≤°ÈÇ£‰πàÈöæÁúãÂêßÔºåÁøª‰∫Ü‰∏ãÂ±ÖÁÑ∂ÁªôÁ¨¨‰∫åÈÉ®ÊâìÁöÑ‰πüÊòØ2ÊòüÔºåÁé∞Âú®ÁúãÁúãÔºåËøôÁßçÁàÜÁ±≥Ëä±Áâá‰πüÂ∞±Áúã‰∏™ÁÉ≠ÈóπÁΩ¢‰∫Ü„ÄÇ
ËµõÂ∞îÊèêÂ∞±ÊòØÊ≠ªËÖî,ÁúãËøá,Êé®Ëçê,2019-11-17 01:15:37,1,ÁúãÁæéÂ•≥Â∏ÖÂì•Â∞±ÊòØÂºÄÂøÉÂëÄ
Â£πÊØõÈïú,ÁúãËøá,2019-11-18 00:57:15, ,1,Á≥ñÁõíÈáåË£ÖËø∑ËçØËõÆÊó†ËÅäÁöÑÔºå‰ºö‰∏ãÂé®Ëøò‰ºöË∑åÊâìÊ≠£È™®ÁöÑgayËúúÂÄíÊòØÂèØ‰ª•ÊúâÔºàqueer eyeÊ¨¢Ëøé‰Ω†
Á∫øÁ∫ø,ÁúãËøá,Êé®Ëçê,2019-11-22 21:18:54,1,ÁúüÂ∏ÖÔºåÂ•≥‰∫∫Ê¢¶ÊÉ≥ÁöÑÂ∏ÖÊ∞î„ÄÇÊñØÂõæÂ∞îÁâπÔºåÊàëÂèØ„ÄÇ
SoberUp,ÁúãËøá,ËæÉÂ∑Æ,2019-11-23 13:51:15,3,Charlie‚Äôs angel‰∏çÊòØÊç¢Âá†Â•óË°£ÊúçÈÄ†Âûã Ë£ÖÈÖ∑ËÄçÂ∏ÖÂ∞±ËÉΩÂΩìÁöÑ Âè™ËÉΩËØ¥ÂØºÊºîÁöÑÊÉ≥Ê≥ïÂ§™ËÇ§ÊµÖ‰∫Ü Èªë‰∫∫Â¶πÂ≠êÂ§™Áæé‰∫Ü Êä¢Ëµ∞‰∫ÜÂ∞èkÁöÑÂÖâËäí
ÁùøËïä,ÁúãËøá,ËøòË°å,2020-02-14 16:03:01,0,‰∏âÊòüÁªôgirl power message ‰ø©Â•≥Â≠©ÂÑøÊºîÁöÑ‰πü‰∏çÈîôÂÖ∂ÂÆû Â∞±ÊòØÊïÖ‰∫ãÂíåÊãçÁöÑ Â§™ Â∞¥ Â∞¨ ‰∫Ü
WIKIÈ≠è,ÁúãËøá,ÂæàÂ∑Æ,2020-02-20 02:05:03,1,Êü•ÁêÜÁöÑÊúÄ‰ΩéÂàÜÂ§©‰ΩøÔºåËøô‰πàÂ•ΩÁöÑÈ¢úÈöè‰æøÁøªÊãç‰∏ÄÈÉ®‰∏çË°åÂêó
Quill,ÁúãËøá,2020-02-17 23:15:39, ,0,Ê≤°ÁúãËøõÂéª..
ÊÅ∂ÈöêÊÅØÁÉô,ÁúãËøá,ËøòË°å,2020-02-13 20:33:26,1,ËØûÁîü‰∫éÁî∑ÊÄßÂáùËßÜÁöÑËøô‰∏™IPÔºåÂÆûÈôÖ‰∏äË¶ÅÊääÂÆÉÂ∏¶ÂÖ•‰ªäÂ§©Ëøô‰∏™ÊúâÔºà‰∏ÄÁÇπÁÇπÔºâËøõÊ≠•ÁöÑÊó∂‰ª£ÊòØÊúâÊåëÊàòÁöÑ„ÄÇÂæàÈÅóÊÜæÁöÑÊòØÁºñÂâßÂÜ≥ÂÆöËµ∞the easy wayÔºåÂàªÊÑèÊ†áÁ≠æÂåñangelÁöÑÂ•≥ÊÄßË∫´‰ªΩÔºå‰ªéÂä≥Âä®ËÄÖÂèëÂ£∞ËßÜËßíÂ∞ùËØïÂÜíÂ∞ñÔºå‰∏çÂπ∏ÁöÑÊòØÂæà‰∏çÊàêÂäü„ÄÇÊï¥‰Ωì‰∏äÂ∞±ÊòØÂæàÂ∏∏ËßÑÂæàËÄÅÂ•óÁöÑË∞çÂå™ÁâáÁªìÊûÑÔºåÁ¨ëÁÇπÂ§ÑÁêÜÁöÑÂæà‰∏ÄËà¨ÔºàÁâπÂà´ÊòØÈÇ£Â†ÜÂÖ≥‰∫éË°£ÊúçÁöÑgender jokeÁúüÁöÑÊòØËêΩÁÅ∞‰∫ÜÔºâ„ÄÇËá≥Áî∑Â≠©ÈáåÂá∫Êù•ÁöÑÁΩëÈ£ûÈÄ†ÊòüÂíåËßíËâ≤‰∏çÂ§™ÈÄÇÈÖçÔºå‰ªñ‰∏ÄÁúãÂ∞±ÊòØÂæàÊ≤πÁöÑÈÇ£ÁßçÁî∑ÁîüÂïäÁªô‰ªñÊï¥‰ªÄ‰πànerdÁúüÊòØËÆ©‰∫∫Êâ∂È¢ù„ÄÇÊñ∞ÁöÑÂ§©‰Ωø‰ª¨Ëøò‰∏çÂ¶Ç‰∏ä‰∏Ä‰ª£ÁîµÂΩ±ÁâàÂá∫ÂΩ©Ôºå‰∏çËøáËøô‰∏™Â§©‰ΩøÈõÜÂõ¢ÁöÑÊãìÂ±ïÂÄíÊòØÊå∫ËµûÁöÑÔºåÊÑèÂ§ñÂíåÂ¶áÂ•≥ËÉΩÈ°∂ÂçäËæπÂ§©ÁöÑ‰∏ªÈ¢òÊöóÂêà„ÄÇÊÄªÁöÑÊù•ËÆ≤ÊùÄÊó∂Èó¥‰∏çÂùèÔºå‰ΩÜËÆ©‰∫∫Êõ¥ÊÉ≥ÂéªÂ§ç‰π†ÂâçÁâà‰∫ÜÂë¢„ÄÇ
ÂºÄÂøÉÂä†Ëè≤,ÁúãËøá,Êé®Ëçê,2019-11-16 13:55:28,0,‰º∞ËÆ°Ë±ÜÁì£ÂàÜÈ´ò‰∏ç‰∫ÜÔºåÊûúÁÑ∂üòéÊ≤°ÊúâËßâÂæóÂæàÂ•≥ÊùÉÔºåÂ∞±ÊòØËΩªÊùæÊÑâÂø´ÁöÑÂïÜ‰∏öÁîµÂΩ±Ôºå‰∏â‰∏™Â•≥Â≠©Â≠êÁæéÁöÑÂêÑÊúâÁâπËâ≤ÔºåÁî∑ÊÄßÈÖçËßíÊó†ËÆ∫Ê≠£Âèç‰πüÈÉΩ‰∏çËÆ®ÂéåÔºåÁúãÁöÑÊå∫ÂºÄÂøÉÁöÑ„ÄÇ
eeagle,ÁúãËøá,ËøòË°å,2019-11-17 19:52:26,1,Â∑ÆÁÇπÁúãÁù°ÁùÄ„ÄÇÂ∞èkÁúüÁæé„ÄÇ
Êè°‰∏ç‰ΩèÁöÑÁÅµÈ≠Ç,ÁúãËøá,ËæÉÂ∑Æ,2020-02-15 17:08:43,0,ËßÇ‰ºóÁæ§‰ΩìÔºöÂπºÂ∞èË°îÊé•Ôºü
Pukii,ÁúãËøá,ËæÉÂ∑Æ,2020-02-26 18:56:03,0,Âìé„ÄÇ„ÄÇ„ÄÇ„ÄÇ„ÄÇ
È∫¶Â∞èÁôΩ,ÁúãËøá,ËøòË°å,2019-11-15 17:49:21,2,ÊãçÂæóÂæàÁæéÂæàËßÜËßâÁ≥ªÔºåÈªëÂ§©‰ΩøÁÆÄÁõ¥ÊòØË∂ÖÊ®°Ë∫´ÊùêÔºå‰ΩÜÊúÄÁæéÁöÑËøòÊòØÂ∞èKÔºåÂΩìÁÑ∂Â®úÂ••Á±≥‚Ä¢ÊñØÁßëÁâπ‰πü‰∏çÈÅëÂ§öËÆ©ÔºåËøôÈÉ®ÁîµÂΩ±ÁúãËÇâ‰ΩìÂ∞±Â•Ω‰∫ÜÔºåÂâßÊÉÖ‰πà‰∏ÄÁõÆ‰∫ÜÁÑ∂ÔºåÂ∑≤ÁªèÁºñ‰∏çÂá∫‰ªÄ‰πàËä±‰∫Ü„ÄÇ
Â¶ñÊÄ™dodo,ÁúãËøá,ËæÉÂ∑Æ,2020-03-05 01:49:11,0,ÁúãÁúãÂèØÁà±ÁöÑÂßëÂ®ò‰ª¨
ÈîêÂà©‰øÆËïä,ÁúãËøá,ËøòË°å,2019-11-07 18:00:40,1,Âè™ÊÉ≥ËØ¥Âú®ÂΩ±Èô¢ÈáåÂê¨ÊãâÂì™ÂÑøÊâìÈõ∑ÁöÑ„Ää‰∏çË¶ÅÂè´ÊàëÂ§©‰Ωø„ÄãÔºåÁ´ãÂàªÂèòÂæóÂ•ΩÂê¨‰∫ÜÂçÅÂÄçÔºÅ
ÊùéÊ£ÇÂ§èQian,ÁúãËøá,ËøòË°å,2019-11-17 00:42:54,0,ÂâßÊÉÖÁúãÂæó‰∫∫ÊâìÂìàÊ¨† Ë∑üËÄÅÁâàÊ≤°Ê≥ïÊØî
Áè†ÊàëÂ•ΩËøê,ÁúãËøá,ËæÉÂ∑Æ,2019-11-15 23:18:41,3,"Êú¨ÁâáÂèàÂêçÔºöËä±Êã≥Áª£ËÖøÂ∞èÂ®áÂ®É
‰∏çÊòØÊâæ‰∏™Â•≥ÂØºÊºî+Âá†‰∏™ÂêÑÁßçËÇ§Ëâ≤ÂèØÁîúÂèØTÁöÑÁæéÂ•≥+ÊëÜÂá†‰∏™ÁÇ´ÈÖ∑ÈÄ†ÂûãÂ∞±ËÉΩÊºî‰∏™Â•≥ÊÄßÁâπÂ∑•Áâá„ÄÇ
ËøôÈÉ®Êú¨Ë¥®‰∏äÂ∞±ÊòØ‰∏™Â∞èÂ¶ûÁîµÂΩ±ÔºåÂè™ÊúâÁßÄËâ≤ÂèØÈ§êÔºåÂÆûÂàôÈ£ü‰πãÊó†Âë≥„ÄÇ"
Crazy Ivan,ÁúãËøá,ËøòË°å,2019-11-15 20:50:15,0,Êó∂‰ª£  ‰∏âÂ®áÂÖ≥Á≥ªÊúâÊñ∞ÊÑèÔºå‰ΩÜÂä®‰ΩúÊàèËÄÅÂ•óÊó†Âäõ
Â§èÂ≠£ÁöÑÂ§©Á©∫,ÁúãËøá,ËøòË°å,2020-02-15 13:54:49,0,ËäÇÂ•èÊòéÂø´ÁöÑÂïÜ‰∏öÁîµÂΩ±ÔºåÁÑ∂ËÄåËøô‰∏ÄÂ±äÁöÑ‚ÄúÈúπÈõ≥Â®áÂ®É‚ÄùÊ≠¶ÂäõÂÄº‰∏çË°åÂëÄÔºåÈù†Âò¥ÁÇÆÊù•Áé©Â•≥ÊÄßËßâÈÜí„ÄÇ„ÄÇ„ÄÇ
ÊüØÈáåÊòÇ,ÁúãËøá,ËøòË°å,2019-11-15 22:41:43,3,ÊãçÊãç„ÄäÂÆåÁæéÈü≥Ë∞É2„ÄãÈÇ£ÁßçÂõæ‰∏Ä‰πêÁöÑË¥∫Â≤ÅÂñúÂâßÈ™óÈ™óÈí±ËøòÊàêÔºåÊãøËøôÁßçrebootÁâáËØïÊâãÂÆåÂÖ®ÊòØË∂ÖÂá∫Áè≠ÂÖãÊñØËÉΩÂäõËåÉÂõ¥‰πãÂ§ñÂòõÔºåÁâπÂ∑•ÁâáÊãçÊàêÂ∞èÂ¶ûÁâá„ÄÇ
ÂÆáÂ∞èÊïè,ÁúãËøá,Êé®Ëçê,2020-03-01 10:13:19,0,Â•≥ÁâπÂ∑•È¢òÊùêÁúüÁöÑÂ∞±ÊòØÂæÄÊàëÁöÑÁÇπ‰∏äÁåõÊà≥„ÄÇÂ∞èKÁúüËêå„ÄÇ
È∫ü,ÁúãËøá,Êé®Ëçê,2019-11-16 19:30:19,1,Êå∫ÂñúÊ¨¢ÁöÑÔºåÂêàÊ†ºÁöÑÁàÜÁ±≥Ëä±ÁîµÂΩ±„ÄÇÊâìÊñóÂ•ΩÂÉèÊúâÁÇπÂº±ÔºåÁ¨ëÁÇπÊòØÊúâÁöÑ
ËâæÁàµ,ÁúãËøá,ËøòË°å,2019-11-24 22:11:30,0,Â∞è k ÊòØÂæàÂ∏ÖÂï¶ÔºåÂÜçÁúãÈïøÂèëÊÄé‰πàÈÉΩ‰∏ç‰π†ÊÉØ„ÄÇÂØπÂØπÔºåËøôËøòÊòØÂæàÂ•≥ÊùÉÁöÑ‰∏ÄÈÉ®Â®áÂ®ÉÂë¢„ÄÇÈÇ£Âï•ÔºåostÂæàÊ£íÔºÅ
Quester,ÁúãËøá,ËøòË°å,2020-02-15 13:44:04,0,You can't expect the honey chick to become spicy in just one day.
‰ªÅÊÖàÁöÑÁà∂,ÁúãËøá,ËøòË°å,2019-11-17 07:57:13,0,ÁîµÂΩ±Ê≤°Âï•ÈÄªËæëÂèØË®ÄÔºåÊó¢ÁÑ∂ÊòØËøôÊ†∑ÁöÑÈ¢òÊùêÔºåÈÇ£Â∞±ÂøÖÈ°ªÁî®ÊâìÊàèÂáë„ÄÇÂîØ‰∏ÄÂá∫ÂΩ©ÁöÑÂ∞±ÊòØÊùÄÊâãÁ¨¨‰∏ÄÊ¨°Âá∫Âú∫ÈÇ£ÊÆµÂØπÊäóÔºå‰ªéÂíñÂï°È¶ÜÊâìÂà∞Ê≤≥ËæπÔºåÊúÄ‰∏™ÁâáÊÆµ‰Ωú‰∏∫ÊµÅÁïÖ„ÄÇ‰∏çÂ§±‰∏∫‰∏ÄÈÉ®Â•ΩÁöÑÁàÜÁ±≥Ëä±ÁîµÂΩ±„ÄÇ
PageChen,ÁúãËøá,Êé®Ëçê,2019-11-15 22:26:37,1,ËôΩÁÑ∂Â∞¨Â∞¨ÁöÑÔºå‰ΩÜÂ•≥Â≠©Â≠êÂ•ΩÂèØÁà±Âïä!!!Ê≤âÈªòÁöÑÁî∑ÊùÄÊâãÂ•ΩÈÖ∑!!!hi~chalie~~
ÂîêÂ§™Âπ≥,ÁúãËøá,ÂäõËçê,2019-11-15 14:17:02,1,"ÁÆÄÁõ¥Â§™Â•ΩÁúãÂ§™ÂÖªÁúº‰∫ÜÂ•ΩÂòõÔºÅ  ÊØîÈ¢ÑÊúüÁöÑËøòË¶ÅÂ•Ω
19.11.21 ‰∫åÂà∑„ÄÇ
2020.02.22 ÂÜçÊù•‰∫øÈÅç„ÄÇ"
A.M.,ÁúãËøá,ËæÉÂ∑Æ,2020-03-07 18:32:14,0,Êó†ËÑëÁàΩ
luerdelphic,ÁúãËøá,ËæÉÂ∑Æ,2020-02-24 23:13:14,0,Áúã‰∫Ü‰∏ÄÂ§ßÂçäÂÆûÂú®ËßâÂæóÊµ™Ë¥πÊó∂Èó¥ÔºåÊÄé‰πàËøô‰πàÊó†Ë∂£Ôºü
ZÊòüÈ©∞007,ÁúãËøá,ËæÉÂ∑Æ,2020-03-08 21:24:36,1,2020Âπ¥‰∫ÜÔºåËøòÂú®ÊãçËøôÁßçÂ•Ω‰∫∫ÊΩúÂèòÂèçÊ¥æËøΩÊ±ÇÊØÅÁÅ≠‰∫∫Á±ªÊú∫Âô®ÁöÑËÄÅÊéâÁâôÊïÖ‰∫ãÔºüÊâÄË∞ìÂ•≥ÊÄßÂä®‰ΩúÁâáÁöÑÂçñÁÇπÂÆåÂÖ®ÂèòÊàê‰∫ÜÊÑüÂÆòÊÑèÊ∑´‰∏äÁöÑ‰ΩéËÉ∏Áü≠Ë£ôÈ´òË∑üÈûã‰∏ÄË∑ØÁàÜÂèëÂõõËÇ¢ÈÉΩËææÂ§¥ËÑëÁÆÄÂçïÁöÑÁî∑‰∫∫Ôºü
È≠öÁîü,ÁúãËøá,ËæÉÂ∑Æ,2020-01-14 04:24:53,2,"Path√© De Kuip, 13 Jan 2020"
È≠ö‰ªô,ÁúãËøá,ËøòË°å,2019-11-18 02:44:37,1,TeenÁâàÂ¨åÂ®ÉÔºåÊØîÊÉ≥ÂÉè‰∏≠Â•ΩÔºåEllaË∫´Êùê1ÊòüÔºåKKÂ®òmenÈÄ†Âûã1ÊòüÔºåOST 1Êòü
ËØ∑Âè´ÊàëËÖπÈªë,ÁúãËøá,ËøòË°å,2019-11-22 23:19:12,0,Á•®ÊàøÂèçÂìçÂíåÈ¢Ñ‰º∞ÁöÑÂ∑Æ‰∏çÂ§öÔºåÂ•Ω‰∏çÂà∞Âì™Âéª„ÄÇ‰Ωú‰∏∫‰∏ÄÈÉ®Ê†áÂáÜÂåñÁöÑÁæéÂºèÁàÜÁ±≥Ëä±ÁîµÂΩ±ËøòÁÆó‰∏çÈîôÁöÑÂë®Êú´Ê∂àÈÅ£ÊñπÂºè„ÄÇ
È£éÂçéÊó†Â£∞ÂØÇ,ÁúãËøá,ËæÉÂ∑Æ,2019-11-15 21:50:51,3,ÁúüÁöÑÂæàÁîüÊ∞îÔºå‰∏çÊòØÂõ†‰∏∫Êï¥‰∏™ÁîµÂΩ±Â∞±ÊòØ‰∏™typicalÂ•ΩËé±ÂùûÊµÅÊ∞¥Á∫øÁÉÇÁâáÔºåËÄåÊòØÁúãÂà∞Sam Claflin‰∏çÁà±ÊÉúËá™Â∑±ËøôÂº†Ê¨ßÁæéÁ¨¨‰∏ÄÂ∞èË®ÄËÑ∏„ÄÇ‰∏ç‰ΩÜÊ≤°ÊúâÂ•ΩÂ•Ω‰øùÂÖªÔºåËøòÂéªÊºî‰∏™ÁßÉÂ§¥‰∏ëËßí„ÄÇÂ§ßÂ∏ÖÂì•‰∏çË¢´ÊäìÂéªÊºî100ÈÉ®Áà±ÊÉÖÁâáÔºå‰πüËØ•Êúâ99ÈÉ®ÂêßÔºÅÂ∞ºÁéõÊ¨ßÁæéÂà∂Áâá‰∫∫ÊòØÊúâÂÆ°‰∏ëÁôñÂêóÔºüÁÆÄÁõ¥ÁÑöÁê¥ÁÖÆÈπ§Êö¥ÊÆÑÂ§©Áâ©ÔºåÊàë‰πâÊÑ§Â°´ËÜ∫Êç∂ËÉ∏È°øË∂≥„ÄÇ‰∏çËøáksÁúüÁöÑÂ•ΩÁúãÔºåÂ∞§ÂÖ∂ÊòØÊã≥ÂáªÂú∫ÈÇ£Â•óÂ¶ÜÂèëÔºåÊàëÁúºÁùõÈÉΩÁúãÁõ¥‰∫Ü
Â§ñÂá∫ÂÅ∑Áãó,ÁúãËøá,ËøòË°å,2019-11-15 22:42:56,0,Êñ∞Êó∂‰ª£Â•≥ÊÄßÂØºÊºîÊéåËàµÁöÑÊñ∞Êü•ÁêÜÂ§©‰ΩøÁêÜÂ∫îÊúâÊñ∞ÁöÑËØ†ÈáäÂíåÊåñÊéòËßíÂ∫¶ÔºåÁÑ∂ËÄåÈ¢òÊùêÊú¨Ë∫´Â∞±ÂÜ≥ÂÆö‰∫ÜÂπ∂Ê≤°Êúâ„ÄÇ‰∫∫Áâ©ÂΩ¢Ë±°Ê≠ªÊùøÂçï‰∏ÄÁº∫‰πèÂèòÂåñÔºåÂ•≥ÊÄßËßíÂ∫¶ÁöÑÊÑè‰πâËÇØÂÆö‰∏çÊòØÂú®‰∫éÂ¢ûÂä†Â•≥ÊÄßËßíËâ≤ÁöÑÊï∞ÈáèÔºåÁº∫‰πè‰∫∫Áâ©ÁöÑ‰∫íÂä®ÂíåËßíËâ≤ÂèëÂ±ïÊàêÈïøÂÖÖÂÖ∂ÈáèÂè™ËÉΩÁÆóÂ°ëÊñôÂ•≥ÊÄß‰∏ª‰πâ„ÄÇÂΩ©ËõãÂ§öÂæóÂÉètheme parkÔºå‰ªÄ‰πàÊ†∑ÁöÑÊÉÖÊÄÄÈÉΩÊúâ‰∫∫‰π∞Ë¥¶Âêó„ÄÇÊïÖ‰∫ãÂèàÊòØÊµÅË°åÁöÑÂèçËΩ¨ÂÜçÂèçËΩ¨ÔºåÂØºÊºîÂ§™‰ºö‰∏∫Ëá™Â∑±Âä†Êàè‰∫Ü„ÄÇ
‰ªªÂπ≥Áîü,ÁúãËøá,ËøòË°å,2020-02-15 19:21:28,0,Âø´ËøõÁúãÂÆå‰∫ÜÂä®‰ΩúÊàè
ÁúØÁùÄÁúºÁöÑÂÅéÁÅ∂Áå´,ÁúãËøá,ÂæàÂ∑Æ,2020-03-08 23:56:59,0,Áúã‰∏ç‰∏ãÂéªÔºåÊµ™Ë¥πÊó∂Èó¥
Âè£Ë¢ã_ËÇ•ÂäõÂ£´,ÁúãËøá,ËæÉÂ∑Æ,2020-02-15 16:43:46,0,ËøôÁ±ªÁîµÂΩ±Â•ΩÂÉèÈÉΩÊõ¥ÂñúÊ¨¢ÂÅöÊóÖÊ∏∏ËßÇÂÖâÁâáÂíåÊó∂Â∞öÂ∏¶Ë¥ßÁâá
CyniCyniCyniC,ÁúãËøá,ËæÉÂ∑Æ,2019-11-16 12:08:44,3,...ËÄåÊàëÂè™ÊÉ≥ÁúãÂ•π‰ª¨3p......ÔºÅ
Âè™Ê°ÉÂ≠ê,ÁúãËøá,ËøòË°å,2019-11-19 16:38:31,0,5.8/Ê≤°ÊúâÊÑè‰πâ
ÁôΩÁâôÂ∞ñ,ÁúãËøá,ËæÉÂ∑Æ,2020-02-23 16:31:29,0,ÁâπÂ∑•ÁâáÊääÊàëÁúãÁù°ÁùÄ‰∫Ü
Ëß£Â§è„ÄÇ,ÁúãËøá,ËæÉÂ∑Æ,2020-03-03 04:11:52,0,ÊÄé‰πàÊãçÂæóÂÉèÂÑøÁ´•Áâá‰∏ÄÊ†∑„ÄÇ„ÄÇ„ÄÇ
Ê•öÁø∞ÂΩª,ÁúãËøá,ËøòË°å,2019-11-15 21:43:59,1,Ââß‰ΩúÁöÑÊô∫ÂïÜÊ∞¥Âπ≥Â§ßÊ¶Ç‰∏ÄÁõ¥Â§Ñ‰∫éÂ∞èÈ∏°ÁîµÂΩ±ÁöÑÊ∞õÂõ¥ÈáåÔºå‰ΩÜ‰ºº‰πéÁè≠ÂÖãÊñØÁöÑÊú¨ÊÑè‰πüÊ≠£ÊòØÂ¶ÇÊ≠§ÔºåÈô§‰∫ÜÂºÄÂ§¥‰∏ÄÂú∫ËææÂà∞Â∏∏ËßÑÊ∞¥Âπ≥ÁöÑËøΩËΩ¶ÊàòÊñó‰πãÂ§ñÔºåÂä®‰ΩúÂíåË∞çÊàòÂÖÉÁ¥†Âü∫Êú¨ÈÉΩÊòØËøáÂú∫ÊàèÔºåÁπÅÂ§çÁöÑÊ≠£ÈÇ™ÂèçËΩ¨‰πüÂè™ÊòØÁÖßÊú¨ÂÆ£Áßë„ÄÇ‰∏çËøáÂΩìÊï¥ÈÉ®ÁîµÂΩ±‰∏çÊñ≠Áî®Ëá™ÊàëË∞É‰æÉÊ∂àËß£ËøôÁßç‰∏çÊÄùËøõÂèñÊó∂ÔºåÁúãËµ∑Êù•ÊòØÁúüÂæóÂæàÊ¨¢‰πê......
Devlali Number,ÁúãËøá,ËøòË°å,2019-11-15 12:34:46,0,"ËøôÁâáÂ≠êÊàëËøûÈ¢ÑÂëäÈÉΩÊ≤°ÂÆåÊï¥ÁúãÂÆå‰∏ÄÈÅçÔºå0ÊúüÂæÖÔºåËôΩÁÑ∂ÊêûÂá∫‰∏ÄÂê®ÂèçËΩ¨ËøòÊòØÊ≤°ÊúâÈÄÉÂá∫ËøáÊó∂ÁâπÂ∑•ÁîµÂΩ±ÁöÑË∑ØÊï∞ÔºàËøôÂâßÊú¨Âπ¥‰ª£ÊÑüË∑ü„ÄäÂèåÂ≠êÊùÄÊâã„ÄãÂ∑Æ‰∏çÂ§öÔºâÔºå‰ΩÜÂ®±‰πêÊÄßËøòÁÆóËØ¥ÂæóËøáÂéªÔºåÊú¨ÊÉÖÊÄÄÁãóÁúãÂà∞ÂΩ©ËõãÈÉΩÁªôÂà∞‰∫Ü‰πüÁÆóÊª°ÊÑè„ÄÇ‰∏ªË¶ÅÊòØÔºåËøòÊúâÂ∞èKËøôÈ¢úÂÄºÂú®ËøôÂÑøÊíëÁùÄÂïäÔºÅ

Â∞±ÊòØÁñØÁãÇÁ†∏Êó∂Â∞öÊÑüÁöÑÈÖç‰πêËØ•Áî®ÁöÑÊó∂ÂÄôÂá∫Áé∞Ôºå‰∏çËØ•Áî®ÁöÑÊó∂ÂÄô‰πüÂú®ÊãóÂ≠òÂú®ÊÑüÔºå‰ªªÂä°Â§±Ë¥•ÁãºÁãàËΩ¨ÁßªÔºåÂ±ÖÁÑ∂ËøòË¶ÅÊåâÁÖß‰∏ª‰ªªÂä°ËΩ¨Âú∫ÁöÑÊãçÊ≥ïÊêûÔºåÂ∞±ÂæàÂ•áÊÄ™Ôºå‰∏ÄÁúãÂèàÊòØ‰∏Ä‰∏™‰∏ªÈ¢òÂÖàË°åÁöÑÂÜó‰ΩôËÆæËÆ°„ÄÇËÄÅÂèçÊ¥æÂà∞ÊúÄÂêéËøòÁúüÂ∞±ÂæóÊù•‰∏ÄÂè•Ëé´ÂêçÂÖ∂Â¶ôÁöÑ‚ÄúÊàòÁãºÂºèÈóÆÂÄô‚ÄùÔºå‰∏çËøáÁõ∏ÊØîÈªëÂá§Âá∞ÈÇ£‰∫õ‰∏™ËÑëÊÆãÂ§ÑÁêÜÔºåËøôÈÉ®ÁÆó‰∏çÈîô‰∫Ü„ÄÇ

‰πîÁ∫≥Ê£Æ¬∑Â°îÂÖãÂèØ‰ª•ÂïäÔºåÊùÄÊâãÈáåÊúÄÊ¨£ËµèËøôÁ±ª‰∫∫Áã†ËØù‰∏çÂ§öÁöÑ‰∫ÜÔºå‰∏çÁü•ÈÅìÊòØÊàëÈîôËßâËøòÊòØÊÄéÊ†∑ÔºåÊúâ‰∫∫ÊÑüËßâËøôÂ∞±ÊòØ‰∫∫Á±ªÁâàT-1000ÂêóÔºüÂ§™Á•û‰ºº‰∫Ü"
YvesÁöÑËá™‰ø°,ÁúãËøá,ËøòË°å,2019-11-17 20:14:31,3,"Â•ΩÊÄÄÂøµÂÖãÈáåÊñØÊ±Ä¬∑ÊñØÂõæÂ∞îÁâπ
Âú®„ÄäÁôΩÈõ™ÂÖ¨‰∏ª‰∏éÁåé‰∫∫„ÄãÊó∂ÁöÑ‚ÄúÈ£òÈ£òÈïøÂèë‚ÄùÔºåÂ§öÁæéÂïäÔºÅ"
ÈôÜÂñú‰πêÂ§©Â§©Â≠¶‰π†,ÁúãËøá,ËæÉÂ∑Æ,2020-03-03 15:37:06,0,Êó†ËÅäÁàΩÁâáÔºå‰º¶Êï¶Âè£Èü≥ÈªëÂ¶πÁúüÂ•ΩÁúãÂïäÔºåÊàëË¶ÅÊòØÂÆûÈ™åÂÆ§ÈÇ£‰∏™ÂÇªÁõ¥Áî∑ÊàëËÇØÂÆö‰πüÂíå‰ªñ‰∏Ä‰∏™ÂèçÂ∫î„ÄÇÁäØÊáíÁöÑÊó∂ÂÄôÂ∞±ÊÉ≥ÊÉ≥ÈªëÂ¶πÁöÑË∫´Êùê #Â§™Â•ΩÁúã‰∫Ü#
pandoraÂàÄÂàÄ,ÁúãËøá,ËøòË°å,2019-11-19 22:30:36,0,ËææÂà∞‰∫ÜÁàÜÁ±≥Ëä±ÁîµÂΩ±ÁöÑÊïàÊûú Â§üÁàΩÔΩûÊü•ÁêÜÁöÑÂ§©‰Ωø‰º†ÊâøÈ°∫Âà© IPÁªßÁª≠ KSÂèØ‰ª• Êú¨Ëâ≤Âïä AÁàÜÂèàÁôæÂèò ÈÖ∑ ÂéãÂÄí‰∏ÄÁâá Ë°å‰∫Ü ÁàΩËøá
AZWayne,ÁúãËøá,ËøòË°å,2019-11-21 12:06:08,2,ÈáåÁ∫¶ÁÉ≠ÂÜÖÂç¢ÔºåÊ¥õÊùâÁü∂ÔºåÊ±âÂ†°ÔºåÊüèÊûóÔºåÂ∑¥ÈªéÔºå‰ºäÊñØÂù¶Â∏ÉÂ∞îÔºåÁéØÊ∏∏‰∏ñÁïåËøΩÂèçÊ¥æÊäìÂÜÖÂ•∏ÁöÑÂâßÊú¨‰ªäÂπ¥Âú®Èì∂Âπï‰∏äÂ∞±Áúã‰∫ÜÂ•ΩÂá†ÈÅç‰∫ÜÔºåÂè™‰∏çËøáËøôÊ¨°Êç¢Êàê‰∫ÜÂ•≥ÊÄß„ÄÇÁî∑ÊÄßÂÖ®ÈÉ®ÂÄí‰∏ãÔºåÂ•≥ÊÄßÂÖ®ÈÉ®Á´ôÁùÄÔºåÊâç2019Âπ¥ÊàëÂ∞±Êúâ‰∫õÂéåÂÄ¶Â•≥ÊÄßÁîµÂΩ±‰∫Ü„ÄÇ
forfaen,ÁúãËøá,ËæÉÂ∑Æ,2019-11-21 16:11:12,1,ÂöØÔºåÂ∞èKÂíåEllaÊúâÁÇπÁæéÂïäÔºåÂ∞§ÂÖ∂ÊòØElla
alpacalypse!,ÁúãËøá,ËøòË°å,2019-11-16 15:10:53,1,ÊâìÂºÄao3ÂæêÂæêÊêúËµ∑ÂßëÂ®ò‰ª¨ÁöÑff
Âí∏È±ºÊõ≥Â∞æ‰∫éÊ∂Ç,ÁúãËøá,ËæÉÂ∑Æ,2019-11-16 13:38:10,2,‰øùÊåÅÊùÉÂäõÁªìÊûÑ‰∏çÂèòÔºåÂè™ÊòØÂ∞ÜÁî∑Â•≥ÁöÑÊÄßÂà´ËßíËâ≤Ë∞É‰∏™‰∏™ÂÑøÔºåÊÅêÊÄïÂπ∂Ê≤°ÊØîÂÆÉÈÇ£‰∫õ‰∏∫‰∫∫ËØüÁóÖÁöÑÊó©ÊúüÁâàÊú¨Á¶ªÂ•≥ÊÄß‰∏ª‰πâÊõ¥ËøëÂ§öÂ∞ë„ÄÇ‰∏çËøá‰πüÊòØÔºåÂéãÊ†πÊ≤°Êúâ‚Äú‰∫∫‚ÄùÂè™ÊúâÂ∑•ÂÖ∑ÁöÑÁàÜÁ±≥Ëä±ÈáåÔºå‰ªª‰ΩïÁ®çÂæÆÊúâÁÇπÊÑè‰πâÁöÑËØùÈ¢òÊúÄÂ§ö‰πüÂ∞±ÊòØÂçñÁöÑÂô±Â§¥Âêß‚Ä¶‚Ä¶ÂâßÊÉÖÁîüÁ°¨‚ÄîÂ∞§ÂÖ∂Â•≥ÂçöÊñØÂà©‰∏≠ÈÄîË∑ëË∑ØÈÇ£ÊÆµÔºåÂè∞ËØçÂ∞¥Â∞¨ÔºåË°£ÂìÅÊ≤°Êïë‚Ä¶‚Ä¶
ÂøÉ‰πãÊâÄÂæÄ,ÁúãËøá,ËæÉÂ∑Æ,2020-02-15 19:16:13,0,"ÂïäÂïäÂïäÂïäÂïäÂïäÂïäÂïäÂïä
ÂüÉÊãâÂ∞èÂßêÂßêÂ•ΩÂ•ΩÁúãÂïä
ËÇ§Ëâ≤Ë∫´ÊùêÊÄßÊÑüÂèàÂèØÁà±ÊàëÁà±‰∫Ü
Êí©ÈÇ£‰∏™Â∞èÂì•ÁöÑÁâáÊÆµÊàëÊúÄÂñúÁøª
ÂâßÊÉÖÂòõ ÁúüÁöÑÈ∫ªÈ∫ªÂú∞"
ÈÅìËá£Â≤ö,ÁúãËøá,ËæÉÂ∑Æ,2020-02-18 23:31:22,0,‚Ä¶ÂÄçÈÄü+Âø´Ëøõ‚Ä¶‰πüÂ§™ÈöæÁúã‰∫ÜÊàëÂ§©‚Ä¶
Clefairy,ÁúãËøá,ËøòË°å,2020-02-16 22:09:44,0,Êú¨Êù•ÁúãÂà∞ÁâáÂ§¥NËøûÂ∞èÂ•≥Â≠©ÁöÑÈïúÂ§¥ÔºåÊÑüËßâËøôÁâáÂ≠êËÉΩÂú®Áé∞Âú®ÁöÑÁéØÂ¢É‰∏ãÂ•ΩÂ•ΩËÆ≤ËÆ≤Âπ≥ÊùÉÔºåÁîöËá≥ÊúâÂÜ≤Âä®Ë¶ÅÂéªÁúãÁ¨¨‰∫åÊÄß„ÄÇÊòØÊàëÊÉ≥Â§ö‰∫Ü„ÄÇÂæà‰∏ÄËà¨ÁöÑÂïÜ‰∏öÁâá„ÄÇKristenÊàë‰ª•ÂâçËøòÊòØÂæàÂñúÊ¨¢Â•πÁöÑÈ¢úÂíåËÖøÁöÑÔºåÁé∞Âú®Âá†‰πéË¢´Á°¨ÊãóÁöÑT‰∫∫ËÆæÂäùÈÄÄ‰∫Ü„ÄÇÂÄíÊòØËã±ÂõΩÈïøËÖøÂ¶πÂ¶πÂ§©ÁîüÂ∞§Áâ©ÔºåÂ§ßÂ∑¥ÊâéÈáåÂåÖÁùÄÂ§¥Âèë‰πüÈòªÊå°‰∏ç‰∫ÜÂ•πÊï£ÂèëÁöÑËø∑‰∫∫Ê∞îÊÅØ„ÄÇËåâËéâÂÖ¨‰∏ª‰∏çËá™ËßâÂôòËµ∑ÁöÑÂò¥ÁúüÁöÑË∂ÖÊÉ≥ÊäΩÂ•π‰∏§Â∑¥Êéå„ÄÇÂØºÊºîÈòøÂß®Â∞ΩÂäõ‰∫ÜÔºåÊüê‰∫õÈïúÂ§¥‰∏ãÁúºÁùõËìùÂæóÂ•ΩÁúã„ÄÇ‚ÜêÊâÄ‰ª•ÔºåÊúÄÁªàËÉΩÂ§üË°®Áé∞„ÄÅËÆ∞‰ΩèÁöÑËøòÊòØÂè™ÊúâÂ•≥‰∫∫ÁöÑÁæéË≤å„ÄÇÂΩìÁÑ∂ÊúâÊÄªÊØîÊ≤°ÊúâÂ•Ω‚ïÆ(‚ïØ‚ñΩ‚ï∞)‚ï≠ 1.5ÂÄçÈÄü‰∏ãÁöÑËøΩËΩ¶Êû™ÊàòÂú∫ÊôØ‰∏çÈîô~
Morning,ÁúãËøá,ËøòË°å,2019-11-17 22:56:19,0,‰∏§ÊòüÂçäÔºåÁè≠ÂÖãÊñØËøòÊòØÊúâ‰∏Ä‰∫õÈÄö‰øóÊµÅË°åÁöÑËß¶ËßâÁöÑÔºåÊ≤°ÊúâÊääÁîµÂΩ±ÊãâÂÖ•‰∏Ä‰∏™Ê≠ªÊ∞îÊ≤âÊ≤âÁöÑÂ¢ÉÂú∞ÔºåÂΩ±ÁâáÂæòÂæäÂú®‚ÄúÂ∞èÊó∂‰ª£‚ÄùÂíå‚ÄúÈó∫Ëúú‚ÄùËà¨ÁöÑÊµÅÂÖâÊ∫¢ÂΩ©Èó¥ÔºåÂú®Â∞ùËØïÂÅöÂá∫‰∫ÜÂè¶‰∏ÄÁßçÂ∞èÂ¶ûÁîµÂΩ±ÁöÑÊÄùË∑ØÔºåÊñ∞Êó∂‰ª£ÁöÑÂ•≥ÊÄßËÆ§‰∏∫‰∏ç‰∏∫ÂÆ∂ÂõΩÂíåÁî∑‰∫∫Áâ∫Áâ≤ÔºåÊòØ‰∏∫‰∫ÜËÉΩÂ§üËÆ©Êõ¥Â§öÁöÑÂ•≥ÊÄßÂõ¢ÁªìÂú®‰∏ÄËµ∑Ôºå‰∏çËøáË¶ÅÂΩìÁúüÊ≠£ÁöÑÂ§©‰ΩøÔºåÊºîÂëòËÉΩÂäõ‰∏äÂøÖÈ°ªÊØîËøô‰∏â‰∏™ÈÉΩË¶ÅÊõ¥Âº∫„ÄÇ
~skyyy~,ÁúãËøá,ËøòË°å,2020-02-26 16:51:31,0,ÁàÜÁ±≥Ëä±ÁîµÂΩ±ÔºåÂÜÖÈ¨ºÁöÑÂÜÖÈ¨ºÁ®çÊúâÂèçËΩ¨ÔºåÊ≤°Âï•Ê∑±Â∫¶„ÄÇ
‰∏ÄÂìÅ,ÁúãËøá,ËæÉÂ∑Æ,2020-02-15 15:41:39,0,ÂÆåÂÖ®ËÆ∞‰∏ç‰ΩèÁöÑËÑ∏Â∫ûÔºåËøòÊúâÁîüÁ°¨ÁöÑÊâìÊñó„ÄÇ
Â••ÊñØÂç°ÊúÄ‰Ω≥Ê≠åÊâã,ÁúãËøá,ÂæàÂ∑Æ,2020-02-22 21:06:04,0,ÁÆÄÁõ¥Â∞±ÊòØÂØπÂâç‰ΩúÁöÑÊûÅÂ§ß‰∏çÂ∞äÈáçÔºåÊàëÂÆåÂÖ®Êâæ‰∏çÂá∫ËøôÈÉ®ÁîµÂΩ±ÁöÑ‰∫ÆÁÇπÔºåÈô§‰∫ÜÈïøÂèëÁöÑÊöÆÂÖâÂ•≥ÁúüÁöÑÂ•ΩÂ•ΩÁúãÂïäÔºåÂ∞§ÂÖ∂ÊúÄÂêéÈÇ£Âú∫Ê¥æÂØπÈÄ†ÂûãÔºåÁúüÊòØ‰∏™ÊúùÊ∞îÂçÅË∂≥ÁöÑÁæéÂ∞ëÂ•≥„ÄÇÊï¥ÈÉ®ÁîµÂΩ±ÈáåÁöÑÊ¢ó‰πüÂ§™ÈöæÁ¨ë‰∫ÜÔºåÁîöËá≥ÊúâÁÇπÂûÉÂúæÔºåÂâßÊÉÖÁöÑÂèçËΩ¨ËøòÊúâÁªÜËäÇÁúüÁöÑÊòØÂ§™Êó†ËÑë‰∫ÜÔºåÊÑüËßâÂÉè‰∏™Êô∫ÈöúÁâá„ÄÇÁôΩÁûé‰∫ÜÈúπÈõ≥Â®áÂ®ÉËøô‰∏™IP
lostmore,ÁúãËøá,ËæÉÂ∑Æ,2020-02-29 19:49:42,0,Êú¨Êù•ÂæàÊúüÂæÖÁöÑ‰ΩÜÂæàÂ§±ÊúõÔºåÊïÖ‰∫ã‰ΩéÂº±ÔºåÈÄâËßíÂ§±Ë¥•ÔºåËé´ÂêçÂÖ∂Â¶ô„ÄÇÂ•≥ÈªëÈÇ£‰πàÈ´ò‰ª•‰∏∫ÊòØÂèòË£Ö‰∫∫ÔºåÂ•≥3ÈÇ£‰πàÁüÆËøòÂú®Ê≥•Ë∑ØÁ©øÈ´òÊ†πÈûãÔºåÂ•≥‰∏ª‰∏ÄÁõ¥Âú®Ë¶ÅÈÖ∑„ÄÇÂºÄÂ§¥Â•≥‰∏ªÊâßË°å‰ªªÂä°Êäì‰Ωè‰∏Ä‰∫∫ÔºåÂ§©‰ΩøÁöÑËÄÅÁÆ°ÁêÜÈÄÄ‰ºëÂπ∂Á¶ªÂºÄ„ÄÇÁî∑ÁÆ°ÁêÜÂíåÂ•≥2ËßÅÈù¢Êó∂Ë¢´‰∫∫Ë¢≠ÂáªÔºåÂú®ËøΩËΩ¶Êó∂Ë¢´Êâì‰∏ãÊ∞¥Ê≠ªÂéªÔºåÂ•≥2Êïë‰∏ã‰ªñÔºåËΩ¶Ëá™ÁàÜÈòªÊ≠¢‰∫ÜËøΩ‰ªñ„ÄÇÂéüÊù•Êñ∞‰∫ßÂìÅË¶ÅÂèëÂ∏É‰ΩÜÂèëÁé∞ÈáåÈù¢ÊúâbugÂÆπÊòìÂºïËµ∑‰∫ßÁîü‰∏≠È£éÊ≠ªÂéªÔºåÂêåÊó∂ÂÜ≥ÂÆöÂéªÂÖ¨Âè∏ÊâæÂõûÂá†‰∏™‰∫ßÂìÅÔºåÂÅ∑‰∫ÜÂÖ¨Âè∏ÁöÑÂç°ËøõÂéª3‰∫∫ÊâìÊâÆ‰∏ÄÊ†∑ÂéªÊâæÂèëÁé∞Êó©Â∑≤ÁªèË¢´‰∫∫ÊãøËµ∞ÔºåÊãøËµ∞ÁöÑ‰∫∫ÊòØÂè¶‰∏ÄÁî∑ÂëòÂ∑•„ÄÇÂπ∂‰∏ÄËµ∑ÂéªËµõÈ©¨ÂèëÁé∞ÊùÄÊâãÂíåÁî∑‰∫§ÊòìÔºåÂú®‰∏äÊñπÂºÄÊû™ÊâìÂÅèÔºåÈ™ëÈ©¨‰ªçÂÆö‰ΩçÊâæÂà∞Âú®ÈááÁüøÂéÇÔºå‰∏éÂá†‰∫∫ÊêèÊñóÔºå‰ΩÜÂèëÁé∞ÂºÄÂßãÁöÑÊäìÁöÑ‰∫∫Âπ∂Ê≤°ÊúâËøõÁõëÁã±ÔºåËÄåÂ•≥Âä©ÁêÜËøôÊó∂Á¶ªÂºÄË¢´ÂΩìÊàêÊÄÄÁñëÂØπË±°„ÄÇÂú®ÂõûÊù•Êó∂Â±ãÈáåÁàÜÁÇ∏ÔºåË¢´ÂâçÁî∑ËÄÅÊùøÊïë‰∏ãÂ•≥2Á¶ªÂºÄ„ÄÇÂéüÊù•‰ªñÂ∞±ÊòØÂπïÂêéÊåá‰ΩøÂπ∂ËØ¥Â∑•‰ΩúËøô‰πàÂ§öÂπ¥Ê≤°ÊúâÊ≤πÊ∞¥Âπ∂ÂÜ≥ÂÆöÂçïÂπ≤ÔºåÂ∞ÜÁÆ°ÁêÜÊùÉÈôêÁªô‰ªñÔºåÊúÄÁªàÂ±ãÂ≠êÈáåÈù¢ÂÖ®ÊòØÂ§©‰ΩøÂπ∂‰ªñ‰ª¨Âõ¢ÁÅ≠
ÂÖâÂ§¥,ÁúãËøá,ËæÉÂ∑Æ,2020-02-29 09:37:07,0,ËøôÂÖ∂ÂÆûÂ∞±ÊòØ‰∏ÄÈÉ®‰∫åÊµÅÂ•ΩËé±ÂΩ±ÁâáÔºåÂä®‰ΩúÊàèËÉΩÁúãÔºåÂá†Â§ÑÂèçËΩ¨ÁîüÁ°¨ÔºåÁªºÂêà‰∏Ä‰∏ãÂ∞±ÊòØÂÆ≥Ë°åÔºåËÄåÂÆÉÊòØÁî±Â•≥ÂØºÊºîÊâßÂØºÁöÑÔºåÂπ≥Â∫∏‰∏çÂàÜÁî∑Â•≥ÔºåÊ≠§‰πÉÁúüÊ≠£ÁöÑÁî∑Â•≥Âπ≥Á≠â~
ÂâëÊ∞îÂáåÂéâÁöÑÊ±üÂçó,ÁúãËøá,ËøòË°å,2019-11-16 22:42:08,0,"Èªë‰∫∫Â¶πÂ≠ê178Â±ÖÁÑ∂ÊòØ1996Âπ¥ÁöÑÔºåË≤å‰ºº‰πãÂâçÊ≤°Âï•‰ΩúÂìÅÔºåÈòøÊãâ‰∏ÅÂ¶πÂ≠êÂÆåÂÖ®ËøòÊòØËø™Â£´Â∞ºÁæéÂõΩÂÇªÁôΩÁîúÁöÑÊÑüËßâÂçÅÂàÜÂá∫ÊàèÔºåÊöÆÂÖâÂ•≥Ëá™‰ªéÊàê‰∫ÜtÔºåÂóØÁúüÊòØÈÖ∑Â∏ÖÁãÇÈú∏ÊãΩ„ÄÇ„ÄÇ„ÄÇÂèØÊÄúxÊïôÊéàÂ±ÖÁÑ∂ÊòØ‰∏™ÂèçÊ¥æÊúÄÂêéËøòÊå®‰∫Ü‰∏ÄÊã≥Â•ΩÊÉ®„ÄÇ‰∏ªÈ¢òÊõ≤Don't Call Me AngelÊ£íÊ£íÂìíAriana Grande,Miley CyrusandLana Del Rey"
Â∑¶ÁúºÁúãÁîµÂΩ±,ÁúãËøá,ËøòË°å,2020-02-18 12:18:32,0,Â•≥ÂØºÊºîÁúüÂñúÊ¨¢ÁªôËá™Â∑±Âä†Êàè
19431818,ÁúãËøá,ËøòË°å,2019-11-16 18:03:55,1,Ê≤°ÊÉ≥Âà∞Â±ÖÁÑ∂ÊòØÁè≠ÂÖãÊñØËá™Â∑±ÁºñÂØºÂèÇ‰∏éÊºîÂá∫ÁöÑÔºÅÈöæÊÄ™Ëøô‰∏™ÂâßÊÉÖËµ∞ÂêëÂìàÂìàÂìàÔºÅÂºÄÂ§¥ÂÖ∂ÂÆûÊå∫‰∏çÈîôÁöÑÔºåÂèàÈ£íÂèàÁæéÔºåÈü≥‰πê‰πüÂ∏¶Âä≤ÔºåÂèØÊÉúÂæàÂø´Â∞±Ê≥ÑÂäõ‰∫ÜÔºåÂ∞±‰ªéËåâËéâÂÖ¨‰∏ªÂá∫Âú∫ÂºÄÂßãÁöÑÂêßÔºåËôΩÁÑ∂ÂêÑÁßçËÇ§Ëâ≤ÂêÑÁßçÊÄßÊ†ºÈÉΩÊ∂µÁõñ‰∫ÜÔºåËøôÈÉ®ÁöÑÂ•≥ÊÄß‰∏ª‰πâÔºàÂ∞±ËøûÊü•ÁêÜÈÉΩ‰∏éÊó∂‰ø±Ëøõ‰∏∫Â•≥Â£´‰∫ÜÔºâÊàë‰πü‰π∞ÂçïÔºå‰ΩÜÊïÖ‰∫ãÁúüÁöÑ‰π±‰∏ÉÂÖ´Á≥üÂà∞‰∏ÄÂ°åÁ≥äÊ∂ÇÔºå‰∏ÄËµ∑ÁúãÁöÑÂü∫ÂèãÂÆåÂÖ®‰∏ç‰π∞Â∏ê‰∏ÄÁõ¥Âö∑Âö∑ÁùÄÁÉÇÁâáÁÉÇÁâáÂìàÂìàÂìà
ÂÆâÂ§ßÂ∏Ö,ÁúãËøá,Êé®Ëçê,2020-02-15 11:18:26,0,ÊàëÊâç‰∏çÁÆ°ÂâßÊÉÖÊÄé‰πàÊÄé‰πàÊ†∑ÔºåKrisÁæéÂ∞±Â§ü‰∫ÜÔºåÊàëÁà±‰Ω†ÊàëÁà±‰Ω†ÊàëÁà±‰Ω†~~~ÊúÄÂêé‰∏ÄÊÆµÂ§©‰ΩøËÅöÈõÜ„ÄÅÁî∑Â£´ÂÄíÂú∞ÁöÑÂú∫ÊôØÂÄíËøòËøáÁòæÔºåÊØè‰ΩçÂ•≥Â£´ÈÉΩÊòØÂ§©‰Ωø„ÄÇ
Ê∞¥Â∏òÊ¥û‰∏ÄÂßê,ÁúãËøá,ËøòË°å,2020-03-02 22:48:01,0,ÊºÇ‰∫ÆÈïøËÖøÂ∞èÂßêÂßêÊâì‰∫∫ËøòÊòØÂæàÊúâËßÇËµèÊÄßÁöÑ„ÄÇ
Á¥†‰∫∫ÂÜØ,ÁúãËøá,ËøòË°å,2020-02-16 14:22:02,0,ÂìàÂìàÊÑüËßâÊå∫ÁÉÇ
